empresa_norm,n_rows,id_pro,nombre,mostrar_listas,id_emp,lugar_por_defecto,id_esp,horas_estimadas,en_ejecucion,facturacion,ocupacion,horas_ejecutadas,fecha_corte,horas_ejecutadas_facturables,tipo_alcance,id_col_responsable,avance_real,avance_estimado
3DPHARMA,1,4298,GPF - Proyecto Necesidades AWS,1,3472,2,1,640.0,0.0,22500.0,Esporádico,0.0,,0.0,Por Alcance,0.0,0.0,0.0
ADIUM,8,21380,Adium - CAM Soporte,1,33544,16,76,23358.0,1.0,321000.0,Stand by,28406.65,2026-03-02 09:50:07,26912.89,Por Alcance,0.0,0.0,0.0
ALMEXA,1,2457,Blackline -  Tasks y Recs,1,4240,2,22,320.0,0.0,22000.0,Stand by,158.0,2026-03-02 09:50:07,149.0,Por Alcance,0.0,0.0,0.0
ALPER SEGUROS,1,3658,Alper Soporte 40,1,4993,2,2,40.0,1.0,3600.0,Por Facturar,12.5,2026-03-16 00:00:00,12.5,Por Alcance,0.0,0.0,0.0
ARAUCO,1,3139,AR - Recs and Variance,0,4072,2,22,0.0,0.0,0.0,Permanente,751.5,2026-03-02 09:50:07,749.5,Por Alcance,0.0,0.0,0.0
ASEGURADORA DEL SUR,20,24641,APEX Soporte,1,420,32,63,876.0,1.0,42080.0,Stand by,10190.333333,2026-03-02 09:50:07,9267.833333,Por Alcance,2.0,0.0,0.0
ASESORIA Y CONTROL,3,5011,Cambios registro de horas,0,6636,6,7,84.0,0.0,950.0,Stand by,9.1,2026-03-02 09:50:07,9.1,Por Alcance,0.0,0.0,0.0
AUTOSHARE,1,5077,AutoShare_20horas,1,8512,2,1,20.0,0.0,1200.0,Esporádico,0.0,,0.0,Por Alcance,0.0,0.0,0.0
AVIS,2,1302,Presupuesto 2016,0,1104,3,4,0.0,0.0,0.0,Stand by,1040.0,2026-03-02 09:50:07,948.5,Por Alcance,0.0,0.0,0.0
BAC,3,13211,BAC - Diagnóstico + Training,2,14076,6,266,720.0,2.0,64820.0,Esporádico,194.7,2026-03-16 00:00:00,194.7,Por Alcance,0.0,0.0,0.0
BANCO DEL AUSTRO,1,4618,Proyecto Implementación BI Publisher,1,5474,2,1,280.0,1.0,14000.0,Esporádico,176.5,2026-03-16 00:00:00,176.5,Por Alcance,21.0,0.0,0.0
BANCO FINANCIERO,1,831,Presupuesto Financiero,0,1479,2,2,0.0,0.0,0.0,Stand by,279.5,2026-03-02 09:50:07,263.5,Por Alcance,0.0,0.0,0.0
BANRED,2,1667,Proyecto Cargas Macro,0,3020,2,2,0.0,0.0,0.0,Stand by,0.0,,0.0,Por Alcance,0.0,0.0,0.0
BEKAERT,4,7370,Actual cost,0,7648,8,8,2364.0,0.0,111197.0,Stand by,2526.0,2026-03-02 09:50:07,2439.0,Por Alcance,0.0,0.0,0.0
BEMIS,2,2435,Capacitación Adaptive,0,3744,4,4,0.0,0.0,0.0,Stand by,40.0,2026-03-02 09:50:07,40.0,Por Alcance,0.0,0.0,0.0
BITSO,1,2297,Tasks & Recs,0,3092,2,22,185.0,0.0,13500.0,Esporádico,54.0,2026-03-02 09:50:07,54.0,Por Alcance,0.0,0.0,0.0
BLOOMIN BRANDS,1,4258,Bloomin - Training,0,7132,1,2,20.0,0.0,4150.0,Esporádico,20.0,2026-03-02 09:50:07,20.0,Por Alcance,0.0,0.0,0.0
BMI,4,11644,BMI - 2023,1,5696,7,8,110.0,1.0,7500.0,Esporádico,523.9,2026-03-02 09:50:07,438.75,Por Alcance,0.0,0.0,0.0
BOSTON BSCI,2,8995,BSCI Adaptive Implementation,0,12624,4,324,1000.0,0.0,65000.0,Esporádico,644.25,2026-03-02 09:50:07,644.25,Por Alcance,0.0,0.0,0.0
CEPSA,1,425,Acompañamiento BI Comercial,0,512,1,1,0.0,0.0,0.0,Stand by,203.833333,2026-03-02 09:50:07,203.833333,Por Alcance,0.0,0.0,0.0
CETI VEHICULOS,1,304,OBI Coaching Express,0,453,2,1,0.0,0.0,0.0,Stand by,86.5,2026-03-02 09:50:07,86.5,Por Alcance,0.0,0.0,0.0
CHARGERLOGISTICS,2,8519,Charger Logistigs - Implementation,2,14024,4,144,1068.0,2.0,79005.0,Esporádico,170.5,2026-03-16 00:00:00,160.0,Por Alcance,0.0,0.0,0.0
CLINTON FOUNDATION,1,1918,Budget,0,2732,2,2,137.0,0.0,19180.0,Stand by,24.0,2026-03-02 09:50:07,23.0,Por Alcance,0.0,0.0,0.0
COLSUBSIDIO,2,8814,COL BlackLine,1,5358,4,44,2388.0,1.0,316000.0,Esporádico,1763.34,2026-03-02 09:50:07,1760.09,Por Alcance,0.0,0.0,0.0
COMANDATO,1,1117,Flujo de Caja CGC,0,1056,2,2,0.0,0.0,0.0,Stand by,184.5,2026-03-02 09:50:07,163.0,Por Alcance,0.0,0.0,0.0
COMESTIBLES INTEGRALES,2,3263,Presupuesto 2020,0,3460,4,4,40.0,0.0,0.0,Stand by,302.5,2026-03-02 09:50:07,244.0,Por Alcance,0.0,0.0,0.0
CONSEP,1,141,OBI Coaching CONSEP,0,162,1,1,0.0,0.0,0.0,Stand by,165.5,2026-03-02 09:50:07,158.0,Por Alcance,0.0,0.0,0.0
CORONA,1,5297,Corona - Implementación BlackLine ,1,8034,2,22,545.0,1.0,43600.0,Permanente,297.0,2026-03-16 00:00:00,284.0,Por Alcance,0.0,0.0,0.0
CORPORACION AZENDE,2,1776,APLINK,0,422,4,23,0.0,0.0,0.0,Stand by,1638.0,2026-03-02 09:50:07,1019.5,Por Alcance,0.0,0.0,0.0
CORPORACION GPF,66,237836,ABF - Codigo EAN,38,4026,127,78,39760.0,15.0,1479399.0,Esporádico,51776.25,2026-03-02 09:50:07,50114.75,Por Alcance,5716.0,0.0,0.0
CORPORACION MARESA,22,44770,APLINK,1,8162,41,91,2007.0,1.0,30550.0,Stand by,13144.9,2026-03-02 09:50:07,11144.9,Por Alcance,2.0,0.0,0.0
CORSAM,1,283,BI - Flujo Caja,0,457,2,1,0.0,0.0,0.0,Stand by,3278.0,2026-03-02 09:50:07,3202.0,Por Alcance,0.0,0.0,0.0
CUERPO INGENIEROS EJERCITO,1,746,OBI Coaching,0,1035,2,1,0.0,0.0,0.0,Stand by,18.0,2026-03-02 09:50:07,18.0,Por Alcance,0.0,0.0,0.0
DANEC,1,4377,Budget,1,1704,2,2,1300.0,1.0,80000.0,Esporádico,850.0,2026-03-16 00:00:00,789.0,Por Alcance,0.0,0.0,0.0
DEPRATI,3,6651,Budget 2019,0,4815,5,6,1710.0,0.0,100438.0,Stand by,3559.0,2026-03-02 09:50:07,3389.0,Por Alcance,0.0,0.0,0.0
DINERS,5,6478,Diners 160,1,1450,8,10,160.0,1.0,9500.0,Stand by,3436.5,2026-03-02 09:50:07,3284.5,Por Alcance,0.0,0.0,0.0
DINET,3,10772,Dinet - Soporte 300,1,4962,6,6,1370.0,1.0,71652.0,Esporádico,1262.33,2026-03-02 09:50:07,1178.83,Por Alcance,0.0,0.0,0.0
EEQ,1,303,Mapas,0,124,1,1,0.0,0.0,0.0,Stand by,9.0,2026-03-02 09:50:07,9.0,Por Alcance,0.0,0.0,0.0
EL SABOR,1,1277,Presupuesto Financiero	,0,1932,2,2,0.0,0.0,0.0,Stand by,633.0,2026-03-02 09:50:07,633.0,Por Alcance,0.0,0.0,0.0
EL TELEGRAFO,1,606,OBIEE Coaching,0,755,2,1,0.0,0.0,0.0,Stand by,168.5,2026-03-02 09:50:07,168.5,Por Alcance,0.0,0.0,0.0
ELOSERVICOS,2,9434,ELO - Soporte 25,1,10752,4,4,55.0,1.0,3750.0,Esporádico,55.0,2026-03-02 09:50:07,52.0,Por Alcance,0.0,0.0,0.0
EQUIVIDA,1,1055,Presupuesto Financiero,0,572,2,2,0.0,0.0,0.0,Stand by,9.0,2026-03-02 09:50:07,0.0,Por Alcance,0.0,0.0,0.0
ESPE,1,769,100h Soporte,0,1456,2,1,0.0,0.0,0.0,Stand by,90.0,2026-03-02 09:50:07,37.0,Por Alcance,0.0,0.0,0.0
FADESA,1,835,Proyecto Finaciero AP,0,1511,2,1,0.0,0.0,0.0,Stand by,0.0,,0.0,Por Alcance,0.0,0.0,0.0
FARMAPIEL,1,2137,Budget 20,1,3112,2,2,0.0,0.0,0.0,Stand by,417.0,2026-03-02 09:50:07,410.0,Por Alcance,0.0,0.0,0.0
FPA,21,37210,AP Cooperativas,9,21,42,94,500.0,3.0,0.0,Stand by,5442.3,2026-03-02 09:50:07,3407.3,Por Alcance,3.0,0.0,0.0
GRAIMAN,3,3324,Migración Ap-Link,0,1260,6,6,71.0,0.0,3478.0,Stand by,1155.5,2026-03-02 09:50:07,956.0,Por Alcance,0.0,0.0,0.0
HEINSOHN TECH,2,1771,BI SAP Crystal Reports,0,3136,4,2,0.0,0.0,0.0,Stand by,305.5,2026-03-02 09:50:07,278.5,Por Alcance,0.0,0.0,0.0
HIDROPAUTE,1,181,BSC Estratégico,0,330,2,1,0.0,0.0,0.0,Stand by,0.0,,0.0,Por Alcance,0.0,0.0,0.0
HOSPITAL METROPOLITANO,2,1072,Capacitación AP,0,1950,2,4,0.0,0.0,0.0,Stand by,312.5,2026-03-02 09:50:07,289.5,Por Alcance,0.0,0.0,0.0
IDEAL ALAMBREC BEKAERT,1,81,Pronóstico de Ventas,0,81,1,2,0.0,0.0,0.0,Stand by,37.0,2026-03-02 09:50:07,25.0,Por Alcance,0.0,0.0,0.0
INDUGLOB,6,5158,120 horas (Soporte 2016),0,132,11,12,80.0,0.0,5950.0,Stand by,981.5,2026-03-02 09:50:07,896.5,Por Alcance,0.0,0.0,0.0
INPROEL,3,9212,Coachin BI,0,5556,5,3,130.0,0.0,5480.0,Esporádico,223.0,2026-03-02 09:50:07,223.0,Por Alcance,0.0,0.0,0.0
INTACO,12,13509,APLINK,2,48,24,39,582.0,0.0,27100.0,Stand by,3117.0,2026-03-02 09:50:07,2488.0,Por Alcance,21.0,0.0,0.0
KOMATSU,3,4294,Fase I: DCC,0,5259,6,6,220.0,0.0,10560.0,Stand by,392.5,2026-03-02 09:50:07,314.5,Por Alcance,0.0,0.0,0.0
KPMG,2,9534,Budget CeCo x Cuenta,1,14506,4,4,340.0,1.0,20000.0,Esporádico,96.5,2026-03-02 09:50:07,96.5,Por Alcance,0.0,0.0,0.0
LA FABRIL,10,28099,Caja Registradora,1,15400,20,20,750.0,0.0,8400.0,Stand by,2511.25,2026-03-02 09:50:07,2222.75,Por Alcance,0.0,0.0,0.0
LA UNIVERSAL,1,810,Gestión de Rentabilidad,0,1452,2,2,0.0,0.0,0.0,Stand by,2483.0,2026-03-02 09:50:07,2161.0,Por Alcance,0.0,0.0,0.0
MADERERA,1,4817,Carga de Budget 2025,1,182,2,2,300.0,1.0,16500.0,Esporádico,0.0,,0.0,Por Alcance,0.0,0.0,0.0
MARATHON,1,121,OBI Coaching,0,128,1,1,0.0,0.0,0.0,Stand by,24.0,2026-03-02 09:50:07,7.0,Por Alcance,0.0,0.0,0.0
MAVESA,4,5296,Coaching Ampliado BI - DWH,2,6624,5,6,1380.0,0.0,70800.0,Stand by,3368.5,2026-03-02 09:50:07,3358.5,Por Alcance,0.0,0.0,0.0
MAYFLOWER BUFFALO,1,142,OBI Coaching MB,0,86,1,1,0.0,0.0,0.0,Stand by,135.333,2026-03-02 09:50:07,127.5,Por Alcance,0.0,0.0,0.0
MILLICOM TELEFONICA PA NI,9,15133,Capex,1,16182,18,18,792.0,0.0,50934.0,Stand by,5900.5,2026-03-02 09:50:07,5594.25,Por Alcance,0.0,0.0,0.0
MINISTERIO SALUD PUBLICA,1,567,Preventa Indicadores Gerenciales,0,127,2,1,0.0,0.0,0.0,Stand by,256.667,2026-03-02 09:50:07,209.667,Por Alcance,0.0,0.0,0.0
MODEC,3,13431,Modec_Budget,1,20196,6,6,1206.0,1.0,79936.0,Esporádico,1084.0,2026-03-02 09:50:07,917.5,Por Alcance,0.0,0.0,0.0
MODEC GUYANA,2,10234,Modec Guyana Adaptive,1,15184,4,4,500.0,1.0,34836.0,Esporádico,447.75,2026-03-03 23:00:00,437.75,Por Alcance,0.0,0.0,0.0
MODERNA,1,3977,Moderna - Budget 2024,0,6852,1,2,0.0,0.0,0.0,Permanente,33.5,2026-03-02 09:50:07,32.5,Por Alcance,0.0,0.0,0.0
MODERNA ALIMENTOS,2,8815,Carga datos 2025,1,3462,4,4,1600.0,1.0,80000.0,Esporádico,2475.75,2026-03-02 09:50:07,2280.0,Por Alcance,0.0,0.0,0.0
MULTICINES,1,1738,Multicines,0,2352,2,2,242.0,0.0,12285.0,Stand by,289.5,2026-03-02 09:50:07,281.0,Por Alcance,0.0,0.0,0.0
MUNICIPIO DE QUITO,1,836,Adquisición de Licencias BI,0,1512,2,1,0.0,0.0,0.0,Stand by,12.0,2026-03-02 09:50:07,12.0,Por Alcance,0.0,0.0,0.0
NOBIS,2,1781,APLINK,0,2974,3,22,0.0,0.0,0.0,Stand by,254.0,2026-03-02 09:50:07,175.0,Por Alcance,0.0,0.0,0.0
NOVA ECUADOR,10,24891,H. Soporte (PPTO 2016),3,14230,20,18,267.0,3.0,6600.0,Stand by,991.0,2026-03-02 09:50:07,895.5,Por Alcance,0.0,0.0,0.0
NUTRI,1,2317,Presupuesto 2021,0,3152,2,2,734.0,0.0,0.0,Esporádico,1106.0,2026-03-02 09:50:07,690.5,Por Alcance,0.0,0.0,0.0
OLVA,1,3777,Gestión de Datos y Analítica,0,6675,2,1,40.0,0.0,2000.0,Esporádico,24.0,2026-03-02 09:50:07,24.0,Por Alcance,0.0,0.0,0.0
OVERSEAS,1,940,OBI Coaching,0,1573,1,1,0.0,0.0,0.0,Stand by,223.933,2026-03-02 09:50:07,222.933,Por Alcance,0.0,0.0,0.0
PRESIDENCIA,1,859,Endeca,0,1492,2,1,0.0,0.0,0.0,Stand by,0.0,,0.0,Por Alcance,0.0,0.0,0.0
PRINCETON,1,42,Presupuesto Financiero,0,41,2,2,0.0,0.0,0.0,Stand by,1.0,2026-03-02 09:50:07,0.0,Por Alcance,0.0,0.0,0.0
PRIOX,1,586,Acompañamiento Adaptive,0,1016,2,2,0.0,0.0,0.0,Stand by,114.0,2026-03-02 09:50:07,114.0,Por Alcance,0.0,0.0,0.0
PROALCO,1,706,Modelo Replicación Pronóstico de Ventas,0,822,1,3,0.0,0.0,0.0,Stand by,268.0,2026-03-02 09:50:07,268.0,Por Alcance,0.0,0.0,0.0
PROAUTO,1,890,Presupuesto,0,1565,2,2,0.0,0.0,0.0,Stand by,310.5,2026-03-02 09:50:07,218.0,Por Alcance,0.0,0.0,0.0
PROPHAR,4,6441,Planful - Prophar,0,6928,8,8,300.0,0.0,18600.0,Stand by,858.0,2026-03-02 09:50:07,693.0,Por Alcance,0.0,0.0,0.0
PUCE,1,963,DATA WAREHOUSE,0,1236,1,1,0.0,0.0,0.0,Stand by,24.0,2026-03-02 09:50:07,24.0,Por Alcance,0.0,0.0,0.0
QUINTO ANDAR,2,6675,QA - Accounting,0,10224,4,84,456.0,0.0,35623.0,Esporádico,352.25,2026-03-02 09:50:07,348.5,Por Alcance,0.0,0.0,0.0
REDCAPITAL,1,936,Demo BI,0,1629,2,1,0.0,0.0,0.0,Stand by,12.0,2026-03-02 09:50:07,0.0,Por Alcance,0.0,0.0,0.0
REDPARTNER,3,1072,AP redPartner,0,9,6,8,0.0,0.0,0.0,Stand by,761.5,2026-03-02 09:50:07,706.5,Por Alcance,0.0,0.0,0.0
REYBANPAC,1,1657,Lacteos y Corp,1,1815,2,2,1724.0,0.0,109512.0,Permanente,1683.4,2026-03-02 09:50:07,1649.4,Por Alcance,0.0,0.0,0.0
SEGUROS DEL PICHINCHA,7,19319,Budget 2022,1,16611,14,114,1042.0,1.0,37795.0,Esporádico,1689.67,2026-03-02 09:50:07,1507.75,Por Alcance,0.0,0.0,0.0
SEGUROS EQUINOCCIAL,3,3630,Integracion AX,0,2262,5,7,80.0,0.0,5000.0,Stand by,1474.0,2026-03-02 09:50:07,1068.5,Por Alcance,0.0,0.0,0.0
SEPS,1,486,Indicadores,0,714,2,1,0.0,0.0,0.0,Stand by,1020.5,2026-03-02 09:50:07,1020.5,Por Alcance,0.0,0.0,0.0
SERTECPET,2,8694,Diagnostico,1,824,4,4,800.0,1.0,41000.0,Permanente,683.5,2026-03-02 09:50:07,676.5,Por Alcance,0.0,0.0,0.0
SIC,1,985,Coaching SICSAS,0,253,1,1,0.0,0.0,0.0,Stand by,86.5,2026-03-02 09:50:07,86.5,Por Alcance,0.0,0.0,0.0
SUNSHINE,1,4997,Sunshine,1,8452,2,2,360.0,1.0,25020.0,Permanente,153.0,2026-03-16 00:00:00,147.5,Por Alcance,0.0,0.0,0.0
SUPERTEL,1,445,BPM,0,753,2,3,0.0,0.0,0.0,Stand by,3.0,2026-03-02 09:50:07,3.0,Por Alcance,0.0,0.0,0.0
TCG GROUP,2,2343,Soporte,1,1186,3,2,44.0,0.0,2200.0,Stand by,63.5,2026-03-02 09:50:07,62.5,Por Alcance,0.0,0.0,0.0
TECNISEGUROS,1,5317,Innovación de Procesos de Planificación,1,2552,2,2,420.0,1.0,24570.0,Esporádico,220.25,2026-03-16 00:00:00,213.75,Por Alcance,0.0,0.0,0.0
TELEFONICA CR,1,2157,Instancia CR,0,3212,2,2,204.0,0.0,0.0,Stand by,20.0,2026-03-02 09:50:07,20.0,Por Alcance,0.0,0.0,0.0
TELEFONICA EC,10,42991,CAPEX,6,6130,20,195,6440.0,6.0,258960.0,Esporádico,4497.0,2026-03-16 00:00:00,4296.0,Por Alcance,375.0,0.0,0.0
TELMEX,1,365,Soporte BI,0,594,2,1,0.0,0.0,0.0,Stand by,0.0,,0.0,Por Alcance,0.0,0.0,0.0
TELNA,1,5377,Telna - Adaptive Implementation,1,8852,2,202,302.0,1.0,20000.0,Permanente,67.5,2026-03-16 00:00:00,63.0,Por Horas,0.0,0.0,0.0
TERNIUM,1,4077,TERNIUM POR FACTURAR,1,5712,2,2,0.0,1.0,0.0,Por Facturar,7.5,2026-03-16 00:00:00,5.0,Por Alcance,0.0,0.0,0.0
TERPEL,1,934,Presupuesto Finaciero,0,1626,2,2,0.0,0.0,0.0,Stand by,0.0,,0.0,Por Alcance,0.0,0.0,0.0
UNACEM,3,11034,Implementación Adaptive,1,7059,6,6,3140.0,1.0,181200.0,Esporádico,923.0,2026-03-02 09:50:07,914.0,Por Alcance,0.0,0.0,0.0
UNIVERSIDAD JAVERIANA CALI,1,5097,Data Lake,1,7692,2,1,720.0,1.0,38370.0,Permanente,686.5,2026-03-16 00:00:00,665.5,Por Alcance,489.0,0.0,0.0
UPC,1,143,Binocular,0,163,2,3,0.0,0.0,0.0,Stand by,231.5,2026-03-02 09:50:07,226.5,Por Alcance,0.0,0.0,0.0
UTN,1,882,Coaching BI,0,1359,1,1,0.0,0.0,0.0,Stand by,233.0,2026-03-02 09:50:07,212.0,Por Alcance,0.0,0.0,0.0
UTPL,3,855,Migracion Syllabus,0,6,4,5,0.0,0.0,0.0,Stand by,247.16666,2026-03-02 09:50:07,166.0,Por Alcance,0.0,0.0,0.0
VEOLIA ARGENTINA,6,27824,AR - Soporte 2022,5,32250,12,11,1054.0,5.0,68270.0,Esporádico,590.95,2026-03-16 00:00:00,559.95,Por Alcance,409.0,0.0,0.0
VEOLIA BRASIL,2,7514,Estimado,1,4904,4,4,294.0,0.0,14243.33,Esporádico,386.0,2026-03-02 09:50:07,383.0,Por Alcance,0.0,0.0,0.0
VEOLIA CHILE,1,3117,CH - Soporte 2022,1,2678,2,2,200.0,0.0,12000.0,Esporádico,547.5,2026-03-02 09:50:07,530.5,Por Alcance,0.0,0.0,0.0
VEOLIA CHINA,7,23861,2022 Support and Improvements,1,25284,14,258,3370.0,1.0,328790.0,Esporádico,4006.5,2026-03-02 09:50:07,3605.0,Por Alcance,0.0,0.0,0.0
VEOLIA COLOMBIA,5,22785,Soporte 2024,2,13380,10,10,650.0,2.0,36520.0,Esporádico,655.5,2026-03-02 09:50:07,647.5,Por Alcance,0.0,0.0,0.0
VEOLIA ECUADOR,1,5477,Mejoras Core Model ,1,1117,2,2,300.0,1.0,0.0,Esporádico,28.0,2026-03-16 00:00:00,28.0,Por Alcance,0.0,0.0,0.0
VEOLIA JAPON,2,10134,Adaptive Implementation,1,14224,4,285,2252.0,1.0,225200.0,Permanente,1245.5,2026-03-12 00:00:00,1236.5,Por Alcance,0.0,0.0,0.0
VEOLIA LATAM,21,49411,Arg PLT,1,56154,42,42,2646.0,0.0,45880.0,Stand by,6290.25,2026-03-02 09:50:07,5300.75,Por Alcance,0.0,0.0,0.0
VEOLIA MEXICO,1,3137,MX - soporte 2022 por facturar,1,2573,2,2,0.0,1.0,0.0,Por Facturar,0.0,,0.0,Por Alcance,0.0,0.0,0.0
VEOLIA PERU,2,9094,Soporte RH 2026,2,9265,4,4,50.0,2.0,0.0,Esporádico,112.75,2026-03-16 00:00:00,112.25,Por Alcance,0.0,0.0,0.0
WEBMOTORS,2,6834,Profitability,0,11624,4,4,200.0,0.0,12000.0,Esporádico,300.5,2026-03-02 09:50:07,289.5,Por Alcance,0.0,0.0,0.0
XCARET,6,20562,Soporte,0,11604,12,11,574.0,0.0,25000.0,Esporádico,2327.55,2026-03-02 09:50:07,2269.55,Por Alcance,0.0,0.0,0.0
YARA,3,11911,YAR - Implementación Adaptive,1,16059,6,6,680.0,1.0,55760.0,Esporádico,315.25,2026-03-02 09:50:07,297.75,Por Alcance,0.0,0.0,0.0
