empresa_norm,n_rows,lead_source_norm,industry_norm,interes_norm,cargo_norm,pais_norm,no_of_employees,annual_revenue
7 ELEVEN MEXICO,1,,,ADAPTIVE,SISTEMAS COMERCIALES TI,,0.0,0.0
ABBOTT,1,,,ADAPTIVE,FINANCE CONTROLLER,,0.0,0.0
ABBVIE,1,,,ADAPTIVE,CFO FINANCE DIRECTOR,,0.0,0.0
ACCO BRANDS,1,,,ADAPTIVE,GLOBAL IT OPERATIONAL EXCELLENCE DIRECTOR,,0.0,0.0
ACH FOOD COMPANIES INC,1,,,ADAPTIVE,SENIOR OPERATIONS MANAGER,,0.0,0.0
ACTINVER,1,,,ADAPTIVE,CEO AMP,,0.0,0.0
ADAMANTINE,1,,,ADAPTIVE,CONTADOR,,0.0,0.0
AFP GENESIS,1,,,ADAPTIVE,CONTADOR GENERAL,,0.0,0.0
AIG,4,,,ADAPTIVE,,,0.0,0.0
AKROS,1,,,ADAPTIVE,GERENTE FINANCIERO,,0.0,0.0
ALCIONE MX,1,,,ADAPTIVE,ENCARGADO DE FINANZAS EN TI,,0.0,0.0
ALIMENTOSALCONSUMIDOR,1,,MANUFACTURA,ADAPTIVE,,COLOMBIA,0.0,0.0
ALLIANZ MEXICO,2,,,ADAPTIVE,,,0.0,0.0
ALPEZZI CHOCOLATE,1,,,ADAPTIVE,GERENTE DE PLANEACION FINANCIERA Y COSTOS,,0.0,0.0
ALPINA,1,,,ADAPTIVE,,,0.0,0.0
ALVAREZ BARBA S A,1,,,ADAPTIVE,JEFE DE CONTABILIDAD,,0.0,0.0
AMBROSIA,1,,,ADAPTIVE,CHIEF OPERATING OFFICER AMBROSIA,,0.0,0.0
ANHEUSER BUSCH INBEV,3,WEB,,ADAPTIVE,FP A VLC VIC MANAGER,,0.0,0.0
APOTEX,1,,,ADAPTIVE,LATAM FINANCE DIRECTOR,,0.0,0.0
ARCA CONTINENTAL,1,WEB,,ADAPTIVE,DIRECTOR EJECUTIVO,,0.0,0.0
ARCOR,1,,RETAIL,ADAPTIVE,,PERU,0.0,0.0
ASAP TESTING,1,WEB,,ADAPTIVE,MANAGING DIRECTOR,,0.0,0.0
ASIAUTO S A KIA MOTORS ECUADOR,1,,,ADAPTIVE,GERENTE FINANCIERO,,0.0,0.0
ASTRAZENECA,3,,,ADAPTIVE,COUNTRY CONTROLLER,,0.0,0.0
ATRADIUS SEGUROS DE CREDITO,2,,,ADAPTIVE,,,0.0,0.0
ATTEBURY GRAIN LLC,1,,,ADAPTIVE,ACCOUNTING DIRECTOR,,0.0,0.0
AUTO TODO MEXICANA S A DE C V,1,,,ADAPTIVE,GERENTE DE OPERACIONES,,0.0,0.0
AVERY DENNISON RBIS,1,,,ADAPTIVE,ANALISTA DE PLANIFICACION FINANCIERA,,0.0,0.0
AVON,1,,RETAIL,ADAPTIVE,,ECUADOR,0.0,0.0
AXIONLOG,1,,,ADAPTIVE,,,0.0,0.0
AZUCAR GRUPO SAENZ,1,WEB,,ADAPTIVE,GROUP CFO,,0.0,0.0
BACARDI,5,,,ADAPTIVE,COORDINADOR DE PLANEACION FINANCIERA,,0.0,0.0
BACCHUS CONSULTING GROUP,1,,,ADAPTIVE,FOUNDER AND MANAGING DIRECTOR,,0.0,0.0
BACCHUS WINE AMP SPIRITS SHOP,1,,,ADAPTIVE,FOUNDER AND MANAGING DIRECTOR,,0.0,0.0
BACHOCO,1,,,ADAPTIVE,GERENTE UNIDAD NEGOCIO,,0.0,0.0
BALL,1,,,ADAPTIVE,FINANCE PROFESSIONAL,,0.0,0.0
BAXTER,1,,,ADAPTIVE,FINANCIAL PLANNING MANAGER,,0.0,0.0
BECLE SAB,1,,,ADAPTIVE,CORPORATE FINANCIAL PLANNING DIRECTOR,,0.0,0.0
BIC,2,,,ADAPTIVE,MEXICO FINANCE CONTROLLER,,0.0,0.0
BIIS LOGISTICS,1,,,ADAPTIVE,CHIEF TECHNOLOGY OFFICER,,0.0,0.0
BIOPAS LABORATORIOS,1,,,ADAPTIVE,CONTADOR GENERAL,,0.0,0.0
BMS AT REDWOOD CITY,1,,,ADAPTIVE,SENIOR FINANCIAL PLANNING MANAGER,,0.0,0.0
BOEHRINGER INGELHEIM MEXICO,2,,,ADAPTIVE,HEAD OF FINANCE ANIMAL HEALTH,,0.0,0.0
BPL BIO PRODUCTS LABORATORY,1,,,ADAPTIVE,GENERAL MANAGER MEXICO,,0.0,0.0
BRINSA S A,1,,,ADAPTIVE,COORDINADOR PLANEACION FINANCIERA,,0.0,0.0
CALAHUA,1,,,ADAPTIVE,DIRECTOR DE FINANZAS Y ADMINISTRACI N,,0.0,0.0
CAMARA NAC DE LA INDUSTRIA DE RESTAURANTES Y ALIMENTOS,1,,,ADAPTIVE,CHIEF CONTROLLER,,0.0,0.0
CARGILL,1,,,ADAPTIVE,FINANCIAL ANALYST FP A,,0.0,0.0
CARNOT LABORATORIOS,2,,,ADAPTIVE,ESPECIALISTA DE PLANEACION FINANCIERA,,0.0,0.0
CARVAL,1,,MANUFACTURA,ADAPTIVE,,MEXICO COLOMBIA ECUADOR,0.0,0.0
CASA CUERVO,5,,,ADAPTIVE,,,0.0,0.0
CBC,1,,,ADAPTIVE,,,0.0,0.0
CEMEX,1,,,ADAPTIVE,,,0.0,0.0
CENTRO DE ENTRENAMIENTO DE TERAPIA ENDOVASCULAR,1,,,ADAPTIVE,DIRECTOR GENERAL,,0.0,0.0
CFB,1,,,ADAPTIVE,,,0.0,0.0
CHARDON MEXICO ELECTRIC S A DE C V,1,,,ADAPTIVE,COTROLLER,,0.0,0.0
CHIESI GROUP,1,,,ADAPTIVE,GENERAL MANAGER,,0.0,0.0
CHINOIN PRODUCTOS FARMACEUTICOS S A DE C V,1,,,ADAPTIVE,FINANCIAL ANALYST,,0.0,0.0
CHRONOS,1,,,ADAPTIVE,,MEXICO,0.0,0.0
CHUBB,1,,,ADAPTIVE,,,0.0,0.0
CID GRUPO KNOBLOCH,1,,,ADAPTIVE,DIRECTOR GENERAL,,0.0,0.0
CITROFRUT,1,WEB,,ADAPTIVE,DIRECTOR OF SUPPLY CHAIN,,0.0,0.0
CLARO,1,,,ADAPTIVE,GERENTE FINANCIERO,,0.0,0.0
CLAYTON DE MEXICO S A DE C V,1,,,ADAPTIVE,,,0.0,0.0
CLG TRANSPORTES,1,,,ADAPTIVE,DIRECTOR GENERAL,,0.0,0.0
CMR MEXICO,1,,,ADAPTIVE,FINANCIAL PLANNING,,0.0,0.0
COCA COLA,1,,,ADAPTIVE,REGION FINANCE DIRECTOR SOUTH LATIN,,0.0,0.0
COLCHONES WENDY S A,1,WEB,,ADAPTIVE,PROFESOR INTELIGENCIA DE NEGOCIOS,,0.0,0.0
COLGATE PALMOLIVE,3,,,ADAPTIVE,,,0.0,0.0
COMEX,1,,,ADAPTIVE,DIRECTORA DE TESORERIA PPG COMEX,,0.0,0.0
CONAGRA FOODS,1,,,ADAPTIVE,DIRECTOR FINANCE,,0.0,0.0
CONFITECA,1,,,ADAPTIVE,,,0.0,0.0
COPPEL,1,,RETAIL,ADAPTIVE,,MEXICO,0.0,0.0
CORONA ATIZAPAN,1,,MANUFACTURA,ADAPTIVE,,MEXICO,0.0,0.0
CORPORACION MOCTEZUMA,1,,,ADAPTIVE,CONTROL DE GESTION Y PRESUPUESTO,,0.0,0.0
CREEL GARCIA CUELLAR AIZA Y ENRIQUEZ,1,,,ADAPTIVE,DIRECTOR OF ADMINISTRATION AND CFO,,0.0,0.0
CUAUHTEMOC MOCTEZUMA,1,WEB,,ADAPTIVE,BUSINESS SOLUTIONS FINANCE LEADER,,0.0,0.0
CUETARA COOKIES,1,WEB,,ADAPTIVE,GERENTE DE SISTEMAS,,0.0,0.0
CXO FORUM,1,,,ADAPTIVE,COUNTRY CHAIR MEXICO,,0.0,0.0
DANONE,1,,,ADAPTIVE,BUSINESS PLANNING CONTROLLER MANAGER,,0.0,0.0
DAWN FOODS,1,,,ADAPTIVE,FINANCIAL PLANNING LEADER,,0.0,0.0
DENTEGRA SEGUROS DENTALES,1,,,ADAPTIVE,GERENTE DE FINANZAS,,0.0,0.0
DHL EXPRESS MEXICO,2,,,ADAPTIVE,PROFITABILITY AND PRICING MANAGER,,0.0,0.0
DIRECTV,1,,,ADAPTIVE,CONTROLLER FINANCIERO,,0.0,0.0
ECONOFARM S A CORPORACION GPF,1,,,ADAPTIVE,CONTADOR GENERAL,,0.0,0.0
EGADE BUSINESS SCHOOL DEL TECNOLOLGICO DE MONTERREY,1,,,ADAPTIVE,CHIEF FINANCIAL OFFICER,,0.0,0.0
EL PALACIO DE HIERRO,1,,,ADAPTIVE,DIRECTOR PLANEACION FINANCIERA,,0.0,0.0
ELECTRO JAPONESA,1,,,ADAPTIVE,DIRECTOR FINANCIERO,,0.0,0.0
ELI LILLY Y CIA DE MEXICO S A DE CV,1,,,ADAPTIVE,,,0.0,0.0
ELICA,1,,,ADAPTIVE,GENERAL AMP,,0.0,0.0
ENERGIZER,1,,,ADAPTIVE,BUSINESS DIRECTOR,,0.0,0.0
EPSON MEXICO,1,,,ADAPTIVE,,,0.0,0.0
ESACERO S A,1,,,ADAPTIVE,CONTADOR GENERAL,,0.0,0.0
ESSITY,1,,RETAIL,ADAPTIVE,BUSINESS CONTROLLING COORDINATION LATIN AMERICA,COLOMBIA,0.0,0.0
ESTAFETA MEXICANA,1,,,ADAPTIVE,JEFE ANALISIS FINANCIERO Y RENTABILIDAD,,0.0,0.0
EUROFARMA,1,,MANUFACTURA,ADAPTIVE,GERENTE ADMINISTRACION Y FINANZAS,PERU,0.0,0.0
FABRICA DE HARINAS ELIZONDO,1,,,ADAPTIVE,IT MANAGER,,0.0,0.0
FABRICAS DE CALZADO ANDREA,1,,,ADAPTIVE,GERENTE PLANEACION FINANCIERA Y PRESUPUESTOS,,0.0,0.0
FANASA FARMACOS NACIONALES,1,,,ADAPTIVE,GERENTE JR INFORMACION FINANCIERA,,0.0,0.0
FARMACIAS BENAVIDES,3,,,ADAPTIVE,,,0.0,0.0
FARMACIAS DE SIMILARES,1,,,ADAPTIVE,ANALISTA DE PLANEACION FINANCIERA,,0.0,0.0
FARMACIAS DEL AHORRO,1,,,ADAPTIVE,DIRECTOR DEL CENTRO DE SERVICIOS COMPARTIDOS,,0.0,0.0
FARMACIAS SIMILARES,3,,,ADAPTIVE,,,0.0,0.0
FELLOWES BRANDS,1,,,ADAPTIVE,DIRECTOR AMP,,0.0,0.0
FEMSA,1,,,ADAPTIVE,,,0.0,0.0
FERRERO,2,,,ADAPTIVE,CFO SOUTH AMERICA,,0.0,0.0
FGX INTERNACIONAL,1,,,ADAPTIVE,COMMERCIAL DIRECTOR LATAM,,0.0,0.0
FIBRA INN,1,,,ADAPTIVE,GERENTE DE PLANEACION FINANCIERA Y TESORERIA,,0.0,0.0
FIDUCIARIA DE OCCIDENTE,1,,,ADAPTIVE,GERENTE CONTABLE,,0.0,0.0
FIRSTCALL CSS,1,,,ADAPTIVE,FINANCE DIRECTOR,,0.0,0.0
FORZAC CONCRETOS PREMIER,1,,,ADAPTIVE,DIRECTOR DE ADMINISTRACION Y FINANZAS,,0.0,0.0
FORZASTEEL,1,,,ADAPTIVE,,,0.0,0.0
FRAMACIAS BENAVIDES,1,,,ADAPTIVE,ANALISTA DE PLANEACION FINANCIERA COMERCIAL SR,,0.0,0.0
FREELANCE SELF EMPLOYED,1,,,ADAPTIVE,DIGITAL TRANSFORMATION CONSULTANT,,0.0,0.0
FRESENIUS MEDICAL CARE,1,,,ADAPTIVE,FINANCIAL PLANNING AND BUDGET MANAGER,,0.0,0.0
GAMEPLANET S A DE C V,1,,,ADAPTIVE,GERENTE GENERAL,,0.0,0.0
GBT BIOTOSCANA GROUP,1,,,ADAPTIVE,ACCOUNTING AMP,,0.0,0.0
GEFCO,1,,,ADAPTIVE,DIRECTOR GENERAL,,0.0,0.0
GENOMMA LAB,1,,,ADAPTIVE,CONNECT DEVELOPMENT VP,,0.0,0.0
GEPP,2,,,ADAPTIVE,GENERAL CONTROLLER,,0.0,0.0
GIGANTE,1,,,ADAPTIVE,CFO,,0.0,0.0
GLOBAL HITSS,1,,,ADAPTIVE,GERENTE DE PLANEACION FINANCIERA,,0.0,0.0
GLP,1,WEB,MANUFACTURA,ADAPTIVE,,BRASIL,0.0,0.0
GNP SEGUROS,3,,,ADAPTIVE,,,0.0,0.0
GREENBERG TRAURIG,1,,,ADAPTIVE,MANAGING DIRECTOR,,0.0,0.0
GRIFFITH FOODS,1,,,ADAPTIVE,DIRECTOR OF FINANCE,,0.0,0.0
GRISI HNOS,2,,,ADAPTIVE,COORDINADOR DE PLANEACION FINANCIERA,,0.0,0.0
GROUPE SEB,1,,,ADAPTIVE,SENIOR FINANCIAL ANALYST,,0.0,0.0
GRUMA,1,,,ADAPTIVE,GERENTE DE ADMINISTRACION FINANCIERA,,0.0,0.0
GRUNENTHAL,1,WEB,,ADAPTIVE,HEAD OF CONTROLLING CAMEX,,0.0,0.0
GRUPO ADOROTE,1,,,ADAPTIVE,FINANCE AND OPERATIONS DIRECTOR,,0.0,0.0
GRUPO ALEN,10,,,ADAPTIVE,ADMINISTRACION COMERCIAL,,0.0,0.0
GRUPO ALTEX,2,,,ADAPTIVE,CONTRALOR,,0.0,0.0
GRUPO AMPM,1,,,ADAPTIVE,DIRECTOR GENERAL DIVISION LOGTRADE,,0.0,0.0
GRUPO AXO,1,,RETAIL,ADAPTIVE,,,0.0,0.0
GRUPO BIMBO,7,,,ADAPTIVE,,,0.0,0.0
GRUPO BIOSSMANN,1,WEB,,ADAPTIVE,ESPECIALISTA CORPORATIVO DE PLANEACION FINANCIERA,,0.0,0.0
GRUPO BITUAJ,1,,,ADAPTIVE,DIRECTOR GENERAL,,0.0,0.0
GRUPO CALIFA,1,,,ADAPTIVE,DIRECTOR DE MARCA Y NUEVOS PROYECTOS,,0.0,0.0
GRUPO CARSO,1,,,ADAPTIVE,,,0.0,0.0
GRUPO CHEDRAUI,3,,,ADAPTIVE,,,0.0,0.0
GRUPO CHOCOLATE IBARRA,1,,,ADAPTIVE,GERENTE ADIMINISTRATIVO COMERCIAL,,0.0,0.0
GRUPO CLISA,1,,,ADAPTIVE,CFO AMP,,0.0,0.0
GRUPO COPPEL,1,,,ADAPTIVE,FINANCE DIRECTOR,,0.0,0.0
GRUPO CUPRUM,2,,,ADAPTIVE,JEFE DE PLANEACION FINANCIERA,,0.0,0.0
GRUPO DEINSAT,1,,,ADAPTIVE,FINANCIAL PLANNING REPORTING,,0.0,0.0
GRUPO EDUCARE,1,,,ADAPTIVE,GERENTE DE OPERACIONES,,0.0,0.0
GRUPO FAMILIA S A,1,,,ADAPTIVE,JEFE DE CONTABILIDAD E IMPUESTOS,,0.0,0.0
GRUPO GALERIA,1,,MANUFACTURA,ADAPTIVE,JEFE DE PLANEACION FINANCIERA,MEXICO,0.0,0.0
GRUPO GAYOSSO,1,,,ADAPTIVE,DIRECTOR DE CONTRALORIA CORPORATIVA,,0.0,0.0
GRUPO HIDROSINA,1,,,ADAPTIVE,DIRECTOR COMERCIAL VENTAS Y DE SERVICIO AL CLIENTE,,0.0,0.0
GRUPO HOTELERO BRISAS,1,,,ADAPTIVE,GERENTE FINANCIERO Y ADMINISTRATIVO,,0.0,0.0
GRUPO INDUSTRIAL MONCLOVA,1,,,ADAPTIVE,FINANCIAL PLANNING AND ANALYSIS,,0.0,0.0
GRUPO INDUSTRIAL SALTILLO,1,,,ADAPTIVE,GERENTE DE CONSOLIDACION E INFORMACION FINANCIERA,,0.0,0.0
GRUPO INDUSTRIALMONCLOVA,1,,,ADAPTIVE,LIDER DE PLANEACION FINANCIERA,,0.0,0.0
GRUPO LEVBETH,1,,,ADAPTIVE,DIRECTOR GENERAL,,0.0,0.0
GRUPO MEXICANO DE SEGUROS,1,,,ADAPTIVE,GERENTE DE RH,,0.0,0.0
GRUPO MINSA,1,,,ADAPTIVE,,,0.0,0.0
GRUPO MODELO,3,,,ADAPTIVE,CFO,,0.0,0.0
GRUPO MYM,1,,,ADAPTIVE,,,0.0,0.0
GRUPO PIASA,2,,,ADAPTIVE,CFO,,0.0,0.0
GRUPO POSADAS DE MEXICO S A DE C V,1,,,ADAPTIVE,,,0.0,0.0
GRUPO RON DIPLOMATICO,1,,MANUFACTURA,ADAPTIVE,,VENEZUELA,0.0,0.0
GRUPO ROTOPLAS,1,,,ADAPTIVE,COMPTROLLER DIRECTOR,,0.0,0.0
GRUPO SALINAS,1,,,ADAPTIVE,CORPORATE FINANCE DIRECTOR,,0.0,0.0
GRUPO SID,1,WEB,,ADAPTIVE,GERENTE DE PLANIFICACION Y ANALISIS FINANCIERO,,0.0,0.0
GRUPO SOMAR,1,,,ADAPTIVE,CFO,,0.0,0.0
GRUPO TMM,1,,,ADAPTIVE,ANALISTA DE PROYECTOS,,0.0,0.0
GRUPO TRIMEX S A,1,,,ADAPTIVE,DESARROLLO E INTELIGENCIA DE NEGOCIO,,0.0,0.0
GRUPO VASCONIA SAB,2,,,ADAPTIVE,CONTRALOR CORPORATIVO,,0.0,0.0
GRUPO ZUCARMEX,1,,,ADAPTIVE,FINANCE AND STRATEGY SPECIAL PROJECTS,,0.0,0.0
GUNENTHAL,1,,MANUFACTURA,ADAPTIVE,,CHILE,0.0,0.0
HDI SEGUROS M AXICO,1,,,ADAPTIVE,DIRECTOR DE OPERACIONES FINANCIERAS,,0.0,0.0
HDI SEGUROS MEXICO,1,,,ADAPTIVE,FP AMP,,0.0,0.0
HEINEKEN MEXICO,1,WEB,,ADAPTIVE,BUSINESS SOLUTIONS FINANCE LEADER,,0.0,0.0
HI CONE MEXICO ENVASES MULTIPAC,1,,,ADAPTIVE,CONTROLLER,,0.0,0.0
HILTI,1,WEB,,ADAPTIVE,FINANCIAL CONTROLLER,,0.0,0.0
HOME INTERIORS,1,,SERVICIOS,ADAPTIVE,,MEXICO,0.0,0.0
HOTELES CITY EXPRESS,1,,,ADAPTIVE,CHAIRMAN CEO,,0.0,0.0
ICONN,1,,,ADAPTIVE,DIRECTOR DE TRANSFORMACION DIGITAL,,0.0,0.0
IFF,1,,,ADAPTIVE,FINANCE MANAGER,,0.0,0.0
IGSA,1,,,ADAPTIVE,SENIOR DIRECTOR SUPPLY CHAIN,,0.0,0.0
INCALPACA,1,,MANUFACTURA,ADAPTIVE,,PERU,0.0,0.0
INDUATENAS,1,,MANUFACTURA,ADAPTIVE,,ECUADOR,0.0,0.0
INDUSTRIAS UNIDAS S A,1,,,ADAPTIVE,GERENTE DE PLANEACION FINANCIERA,,0.0,0.0
INGREDION INCORPORATED,1,,,ADAPTIVE,ESPECIALISTA EN PLANIFICACION FINANCIERA,,0.0,0.0
INOVA MEXICO,1,,,ADAPTIVE,CFO AMP,,0.0,0.0
INTER CON SECURITY SYSTEMS INC,1,,,ADAPTIVE,REGIONAL CFO LATIN AMERICA,,0.0,0.0
ISASTUR,1,,,ADAPTIVE,GERENTE CONTADOR GENERAL CONTROLLER,,0.0,0.0
ITALMEX PHARMA,1,,,ADAPTIVE,COMMERCIAL DIRECTOR,,0.0,0.0
ITESO,1,,,ADAPTIVE,PROFESOR INTELIGENCIA DE NEGOCIOS,,0.0,0.0
JANSSSEN CILAG,1,,,ADAPTIVE,SR PRODUCT MANAGER,,0.0,0.0
JEMAFLEX DE MEXICO,1,,,ADAPTIVE,CEO JEMAFLEX DE MEXICO,,0.0,0.0
JUGOS DEL VALLE,1,,MANUFACTURA,ADAPTIVE,,MEXICO,0.0,0.0
JUGUETIBICI,1,,,ADAPTIVE,CHIEF OPERATING OFFICER,,0.0,0.0
JUGUETRON,1,,,ADAPTIVE,CFO,,0.0,0.0
KCC,1,,,ADAPTIVE,GERENTE DE INFRAESTRUCTURA Y OPERACION T I,,0.0,0.0
KELLOG,2,,MANUFACTURA,ADAPTIVE,,MEXICO,0.0,0.0
KELLOGG COMPANY,3,,,ADAPTIVE,FINANCE DIRECTOR,,0.0,0.0
KIMBERLY CLARK,1,,,ADAPTIVE,GERENTE DE INFRAESTRUCTURA Y OPERACION T I,,0.0,0.0
KIMBERLY CLARK DE MEXICO,2,,,ADAPTIVE,,,0.0,0.0
KLASSCO,1,,,ADAPTIVE,FINANCIAL PLANNING SPECIALIST,,0.0,0.0
KOF,1,,,ADAPTIVE,,,0.0,0.0
KUA MEX FOODS,3,,,ADAPTIVE,CHIEF FINANCIAL OFFICER,,0.0,0.0
LA ANITA,2,,,ADAPTIVE,,,0.0,0.0
LABORATORIO DE CONTROL ARJ,1,WEB,,ADAPTIVE,DIRECTOR COMERCIAL,,0.0,0.0
LABORATORIOS SOPHIA,1,,MANUFACTURA,ADAPTIVE,,,0.0,0.0
LACOSTE,1,,,ADAPTIVE,CFO LACOSTE,,0.0,0.0
LAMOSA,5,,,ADAPTIVE,,,0.0,0.0
LANDSTEINER SCIENTIFIC,2,,,ADAPTIVE,CONTRALORA,,0.0,0.0
LECHE ANDINA,1,,,ADAPTIVE,,,0.0,0.0
LECHE SAN MARCOS,1,WEB,,ADAPTIVE,CFO,,0.0,0.0
LEGO GROUP,1,,,ADAPTIVE,CORPORATE FINANCIAL PLANNING SR MANAGER,,0.0,0.0
LEONALI S DE R L DE C V,1,,,ADAPTIVE,SENIOR COST MANAGER,,0.0,0.0
LIOMONT LABORATORIES,1,,,ADAPTIVE,DIRECTOR FINANCIERO,,0.0,0.0
LITCORP,1,,,ADAPTIVE,DIRECTOR,,0.0,0.0
LIVERPOOL,2,,,ADAPTIVE,CHIEF FINANCIAL OFFICER,,0.0,0.0
LLANO DE LA TORRE,1,,,ADAPTIVE,DIRECTOR GENERAL ADJUNTO,,0.0,0.0
LOCATION WORLD,1,,,ADAPTIVE,,,0.0,0.0
MABE,3,,,ADAPTIVE,ANALYSIS AND FINANCIAL PLANNING SUPERVISOR,,0.0,0.0
MAGNA STEYR,1,,,ADAPTIVE,CONTROLLER PURCHASING MANAGER,,0.0,0.0
MANUCHAR,1,,MANUFACTURA,ADAPTIVE,,,0.0,0.0
MARSH,2,,,ADAPTIVE,MEXICO CFO,,0.0,0.0
MATTEL LATIN AMERICA,1,,,ADAPTIVE,REGIONAL SR DIRECTOR HR LATIN AMERICA,,0.0,0.0
MAVER,1,,MANUFACTURA,ADAPTIVE,GERENTE PLANIFICACION Y CONTROL GESTION,,0.0,0.0
MC CORMICK PESA,1,,,ADAPTIVE,CONTROLLER,,0.0,0.0
MCM TELCOM,1,,,ADAPTIVE,,,0.0,0.0
MEDIPASSRED,1,,,ADAPTIVE,PRINCIPAL CHIEF EXECUTIVE OFFICER,,0.0,0.0
MEDIX,1,,,ADAPTIVE,SENIOR CORPORATE INFORMATION TECHNOLOGY MANAGER,,0.0,0.0
MERCK,3,,,ADAPTIVE,ANALISTA DE COSTOS,,0.0,0.0
METLIFE,1,,,ADAPTIVE,VP PRIVATE BUSSINESS,,0.0,0.0
METLIFE MEXICO,1,,,ADAPTIVE,,,0.0,0.0
MIFLINK,1,,BANCA,ADAPTIVE,ADMINISTRACION Y FINANZAS,MEXICO,0.0,0.0
MILLICOM,1,,,ADAPTIVE,IT CATEGORY MANAGER PROCUREMENT,,0.0,0.0
MODA HOLDING,1,,,ADAPTIVE,CFO,,0.0,0.0
MOKSHA8,1,,,ADAPTIVE,,,0.0,0.0
MOKSHA9,1,,,ADAPTIVE,CHIEF FINANCIAL OFFICER,,0.0,0.0
MONDELEZ,2,,,ADAPTIVE,FINANCIAL DIRECTOR,,0.0,0.0
MTWA SOLUCIONES INTEGRALES,2,,,ADAPTIVE,CONTROLLER,,0.0,0.0
MUMUSO MEXICO,1,,,ADAPTIVE,CHIEF EXECUTIVE OFFICER AT HEMA MEXICO,,0.0,0.0
NACIONAL MONTE DE PIEDAD,1,,,ADAPTIVE,ASSOCIATE,,0.0,0.0
NADER HAYAUX GOEBEL,1,,,ADAPTIVE,DIRECTOR GENERAL,,0.0,0.0
NADRO,1,,,ADAPTIVE,GERENCIA CONTRALORIA ADMINISTRATIVA,,0.0,0.0
NATURESWEET,3,,,ADAPTIVE,CONTRALOR,,0.0,0.0
NEOLPHARMA S A DE C V,1,,,ADAPTIVE,DIRECTORA NEGOCIOS INTERNACIONALES LATAM,,0.0,0.0
NEWELL BRANDS,1,,,ADAPTIVE,FP A SR MANAGER LATAM,,0.0,0.0
NOVAMEX,1,,,ADAPTIVE,BUDGET ACCOUNTANT,,0.0,0.0
NOVARTIS,4,,,ADAPTIVE,FINANCE HEAD NOVARTIS BUSINESS SERVICES LACAN,,0.0,0.0
NOVATHINKA,1,,SERVICIOS,ADAPTIVE,,COLOMBIA,0.0,0.0
NOVAVENTA,1,WEB,MANUFACTURA,ADAPTIVE,ANALISTA DE PLANEACION ESTRATEGICA,COLOMBIA,0.0,0.0
OCEAN BY H10 HOTELS,1,,,ADAPTIVE,CFO CHIEF FINANCIAL OFFICER,,0.0,0.0
OFFICE DEPOT,2,,,ADAPTIVE,,,0.0,0.0
ONAPIS,1,,MANUFACTURA,ADAPTIVE,,,0.0,0.0
ONTEX,2,,,ADAPTIVE,FP AMP,,0.0,0.0
ORGANIZACION SORIANA,1,,,ADAPTIVE,,,0.0,0.0
OSRAM,1,,,ADAPTIVE,CFO OSRAM MEXICO OSRAM COLOMBIA,,0.0,0.0
PAPELES CORRUGADOS,1,,,ADAPTIVE,,,0.0,0.0
PARAUCO,1,,RETAIL,ADAPTIVE,TI,,0.0,0.0
PELICULAS PLASTICAS,1,,,ADAPTIVE,,,0.0,0.0
PEPSICO,7,,,ADAPTIVE,DIRECTOR FINANCIERO SABRITAS,,0.0,0.0
PETROLI,1,,MANUFACTURA,ADAPTIVE,,MEXICO,0.0,0.0
PHILLIPS,1,,,ADAPTIVE,COMMERCIAL PLANNING SR MANAGER,,0.0,0.0
PINSA COMERCIAL,1,,,ADAPTIVE,CONTRALOR,,0.0,0.0
PINTURAS BERELS A DE C V,1,,,ADAPTIVE,DIRECTOR DE ADMINISTRACION Y FINANZAS,,0.0,0.0
PISA FARMACEUTICA,1,WEB,,ADAPTIVE,CFO DIRECTOR EJECUTIVO DE ADMINISTRACION Y SOPORTE,,0.0,0.0
POZUELO,1,WEB,,ADAPTIVE,,,0.0,0.0
PPG,1,,,ADAPTIVE,HEAD OF CREDIT,,0.0,0.0
PRIMERO SEGUROS,1,,,ADAPTIVE,CEO,,0.0,0.0
PRODES PROMOTORA DE DESHIDRATADOS,1,,,ADAPTIVE,GERENCIA ADMINISTRATIVA,,0.0,0.0
PRODIGY,1,,,ADAPTIVE,,,0.0,0.0
PRODUCTOS DE CONSUMO Z SA DE CV,1,,,ADAPTIVE,GERENTE TERRITORIAL,,0.0,0.0
PRODUCTOS MAVER,1,,,ADAPTIVE,DIRECTOR GENERAL,,0.0,0.0
PROESSA,1,,,ADAPTIVE,DIRECTOR DE ADMINISTRACION Y FINANZAS,,0.0,0.0
PROVEEDORES DE INGENIERIA ALIMENTARIA S A DE C V,1,,,ADAPTIVE,COSTOS E INVENTARIOS,,0.0,0.0
PROVEEDORES DE INGENIERIA DE ALIMENTOS,1,,,ADAPTIVE,FINANCE MANAGER,,0.0,0.0
QUALA S A,2,,,ADAPTIVE,GERENTE DE PLANEACION FINANCIERA,,0.0,0.0
QUALTIA,1,,,ADAPTIVE,COORDINADOR DE ANALISIS FINANCIEROS,,0.0,0.0
R S HUGHES,1,,,ADAPTIVE,GERENTE DE OPERACIONES,,0.0,0.0
RAPPI,3,,,ADAPTIVE,COUNTRY MANAGER EN RAPPI MEXICO,,0.0,0.0
RB,3,,,ADAPTIVE,CATEGORY MANAGER NUTRITION,,0.0,0.0
RENT A CENTER,1,,,ADAPTIVE,INFORMATION TECHNOLOGY DIRECTOR,,0.0,0.0
ROCHE MEXICO,1,,,ADAPTIVE,FINANZAS,,0.0,0.0
ROSHFRANS MX,1,,,ADAPTIVE,DIRECTOR DE ADMINISTRACION,,0.0,0.0
ROYAL RESORTS,1,,,ADAPTIVE,GROUP CFO,,0.0,0.0
SALJAMEX,1,,,ADAPTIVE,COMMERCIAL DIRECTOR AMP,,0.0,0.0
SAMSONITE,1,,,ADAPTIVE,DIRECTOR GENERAL NOLA,,0.0,0.0
SAMSUNG ELECTRONICS MEXICO,1,,,ADAPTIVE,CFO,,0.0,0.0
SANDOZ,2,,,ADAPTIVE,CFO,,0.0,0.0
SANOFI,3,,,ADAPTIVE,FP A MANAGER,,0.0,0.0
SEAGATE,1,,,ADAPTIVE,SR FINANCIAL,,0.0,0.0
SEGUROS DE MONTERREY NEW YORK LIFE,1,WEB,,ADAPTIVE,DIRECTOR GENERAL,,0.0,0.0
SEGUROS MONTERREY NEW YORK LIFE,5,,,ADAPTIVE,AGENTE DE SEGUROS CERTIFICADO,,0.0,0.0
SMI,1,,,ADAPTIVE,DIRECTOR GENERAL,,0.0,0.0
SOLUCIONES INTEGRALES IKNELIA,1,,,ADAPTIVE,SOCIO FUNDADOR Y DIRECTOR GENERAL,,0.0,0.0
SPECTRUM BRANDS INC,1,,,ADAPTIVE,PLANEACION FINANCIERA,,0.0,0.0
STAND DELIVER GROUP,1,,,ADAPTIVE,ASSOCIATE,,0.0,0.0
STANHOME,1,,,ADAPTIVE,DIRECTOR OF IT AND SPECIAL PROJECTS,,0.0,0.0
STE SOLUCIONES TECNOLOGICAS,1,,,ADAPTIVE,LIDER DE PLANEACION FINANCIERA,,0.0,0.0
STEVE MADDEN,1,,,ADAPTIVE,GERENTE DE CONTABILIDAD Y FINANZAS,,0.0,0.0
SUMA GLOBAL PACK,1,WEB,,ADAPTIVE,ESPECIALISTA NACIONAL EN CUENTAS,,0.0,0.0
SUNOPTA,1,,,ADAPTIVE,CFO MX AT SUNOPTA,,0.0,0.0
SYM,1,,,ADAPTIVE,,,0.0,0.0
SYNTHON,1,,,ADAPTIVE,DIRECTOR OF FINANCE,,0.0,0.0
TAJIN,1,,MANUFACTURA,ADAPTIVE,HEAD OF FINANCE,,0.0,0.0
TALMA,1,,,ADAPTIVE,,,0.0,0.0
TALMEX PHARMA,1,,,ADAPTIVE,QUIMICO DE VALIDACION,,0.0,0.0
TECNOLOGICO DE MONTERREY,2,,,ADAPTIVE,PLANEACION DE VENTAS Y OPERACIONES,,0.0,0.0
TELEFONICA,1,,,ADAPTIVE,CONTADOR GENERAL,,0.0,0.0
TESALIA,1,,,ADAPTIVE,FINANCIAL MANAGER,,0.0,0.0
THE HOME DEPOT MEXICO,1,,,ADAPTIVE,IT FINANCIAL PLANNING MANAGER,,0.0,0.0
THE MIDDLEBY CORPORATION,1,,,ADAPTIVE,DIRECTOR DE FINANZAS MEXICO,,0.0,0.0
THERAPEDIC MEXICO,1,,,ADAPTIVE,GERENTE DE CONTRALORIA,,0.0,0.0
TOKIO MARINE CIA DE SGUROS,1,,,ADAPTIVE,,,0.0,0.0
TRANE,1,,,ADAPTIVE,FP A,,0.0,0.0
UCB,2,,,ADAPTIVE,COORDINADOR DE PLANEACION FINANCIERA,,0.0,0.0
ULTRA LABORATAORIOS,1,,,ADAPTIVE,GROUP FINANCE DIRECTOR,,0.0,0.0
UNILEVER,4,,,ADAPTIVE,FINANCE HEAD NORTH LATIN AMERICA FOOD SOLUTIONS,,0.0,0.0
UNIVERSIDAD ANAHUAC,1,,,ADAPTIVE,PROFESOR DE LA FACULTAD DE ECONOMIA Y NEGOCIOS,,0.0,0.0
UNIVERSIDAD PANAMERICANO,1,,,ADAPTIVE,CHIEF FINANCIAL OFFICER,,0.0,0.0
URBI,1,,,ADAPTIVE,GERENTE DE PLANEACION,,0.0,0.0
V TECHNOLOGIES INVESTING V,1,,,ADAPTIVE,GOVERNMENT FINANCIAL DEVELOPMENT MANAGER,,0.0,0.0
VIVE SEGUROS,1,,,ADAPTIVE,DIRECTOR GENERAL,,0.0,0.0
WALMART,7,,,ADAPTIVE,DEPUTY DIRECTOR,,0.0,0.0
WHIRLPOOL,2,,,ADAPTIVE,FINANCIAL PLANNING AMP,,0.0,0.0
WIGOOBOX,1,,,ADAPTIVE,DIRECTOR DE FINANZAS Y ADMINISTRACION,,0.0,0.0
WRCA,1,,,ADAPTIVE,,,0.0,0.0
WWE,1,,,ADAPTIVE,COMMERCIAL OPERATIONS DIRECTOR LATAM,,0.0,0.0
XIGNUX,1,,,ADAPTIVE,CFO CORPORTATE VP,,0.0,0.0
