empresa,lead_source,industry,no_of_employees,annual_revenue,interes,cargo,pais,empresa_norm,lead_source_norm,industry_norm,interes_norm,cargo_norm,pais_norm
GAMEPLANET S.A. DE C.V.,,,,,Adaptive,Gerente General,,GAMEPLANET S A DE C V,,,ADAPTIVE,GERENTE GENERAL,
ALCIONE MX,,,,,Adaptive,Encargado de Finanzas en TI,,ALCIONE MX,,,ADAPTIVE,ENCARGADO DE FINANZAS EN TI,
ASTRAZENECA,,,,,Adaptive,Country Controller,,ASTRAZENECA,,,ADAPTIVE,COUNTRY CONTROLLER,
FARMACIAS DEL AHORRO,,,,,Adaptive,Director del Centro de Servicios Compartidos,,FARMACIAS DEL AHORRO,,,ADAPTIVE,DIRECTOR DEL CENTRO DE SERVICIOS COMPARTIDOS,
SANOFI,,,,,Adaptive,FP&A Manager,,SANOFI,,,ADAPTIVE,FP A MANAGER,
SMI,,,,,Adaptive,Director General,,SMI,,,ADAPTIVE,DIRECTOR GENERAL,
DHL EXPRESS MÉXICO,,,,,Adaptive,Senior Operations Director,,DHL EXPRESS MEXICO,,,ADAPTIVE,SENIOR OPERATIONS DIRECTOR,
ARCA CONTINENTAL,web,,,,Adaptive,Director Ejecutivo,,ARCA CONTINENTAL,WEB,,ADAPTIVE,DIRECTOR EJECUTIVO,
PRIMERO SEGUROS,,,,,Adaptive,CEO,,PRIMERO SEGUROS,,,ADAPTIVE,CEO,
BACARDI,,,,,Adaptive,FP&A Regional Director Latan América & Caribbean,,BACARDI,,,ADAPTIVE,FP A REGIONAL DIRECTOR LATAN AMERICA CARIBBEAN,
GEFCO,,,,,Adaptive,Director General,,GEFCO,,,ADAPTIVE,DIRECTOR GENERAL,
BRINSA S.A.,,,,,Adaptive,Coordinador Planeacion Financiera,,BRINSA S A,,,ADAPTIVE,COORDINADOR PLANEACION FINANCIERA,
RAPPI,,,,,Adaptive,Country Manager en Rappi Mexico,,RAPPI,,,ADAPTIVE,COUNTRY MANAGER EN RAPPI MEXICO,
GNP SEGUROS,,,,,Adaptive,,,GNP SEGUROS,,,ADAPTIVE,,
Coppel,,Retail,,,Adaptive,,México,COPPEL,,RETAIL,ADAPTIVE,,MEXICO
CARNOT LABORATORIOS,web,,,,Adaptive,Especialista de Planeación Financiera,,CARNOT LABORATORIOS,WEB,,ADAPTIVE,ESPECIALISTA DE PLANEACION FINANCIERA,
KLASSCO,,,,,Adaptive,Financial Planning Specialist,,KLASSCO,,,ADAPTIVE,FINANCIAL PLANNING SPECIALIST,
MARSH,,,,,Adaptive,Strategic Planning &amp,,MARSH,,,ADAPTIVE,STRATEGIC PLANNING AMP,
FARMACIAS BENAVIDES,,,,,Adaptive,,,FARMACIAS BENAVIDES,,,ADAPTIVE,,
Fiduciaria de Occidente,,,,,Adaptive,Gerente Contable,,FIDUCIARIA DE OCCIDENTE,,,ADAPTIVE,GERENTE CONTABLE,
PELÍCULAS PLÁSTICAS,,,,,Adaptive,,,PELICULAS PLASTICAS,,,ADAPTIVE,,
"CREEL,GARCIA-CUELLAR, AIZA Y ENRIQUEZ",,,,,Adaptive,Director of Administration and CFO,,CREEL GARCIA CUELLAR AIZA Y ENRIQUEZ,,,ADAPTIVE,DIRECTOR OF ADMINISTRATION AND CFO,
INGREDION INCORPORATED,,,,,Adaptive,Especialista en planificación financiera,,INGREDION INCORPORATED,,,ADAPTIVE,ESPECIALISTA EN PLANIFICACION FINANCIERA,
BALL,,,,,Adaptive,Finance professional,,BALL,,,ADAPTIVE,FINANCE PROFESSIONAL,
Biopas Laboratorios,,,,,Adaptive,Contador General,,BIOPAS LABORATORIOS,,,ADAPTIVE,CONTADOR GENERAL,
Maver,,Manufactura,,,Adaptive,Gerente Planificación y Control Gestión,,MAVER,,MANUFACTURA,ADAPTIVE,GERENTE PLANIFICACION Y CONTROL GESTION,
Manuchar,,Manufactura,,,Adaptive,,,MANUCHAR,,MANUFACTURA,ADAPTIVE,,
LAMOSA,,,,,Adaptive,,,LAMOSA,,,ADAPTIVE,,
XIGNUX,,,,,Adaptive,"CFO, Corportate VP",,XIGNUX,,,ADAPTIVE,CFO CORPORTATE VP,
GRUPO ALEN,,,,,Adaptive,Coordinador de Planneaccion de la Demanda,,GRUPO ALEN,,,ADAPTIVE,COORDINADOR DE PLANNEACCION DE LA DEMANDA,
Alpina,,,,,Adaptive,,,ALPINA,,,ADAPTIVE,,
KOF,,,,,Adaptive,,,KOF,,,ADAPTIVE,,
FARMACIAS SIMILARES,,,,,Adaptive,,,FARMACIAS SIMILARES,,,ADAPTIVE,,
GRUPO COPPEL,,,,,Adaptive,Finance Director,,GRUPO COPPEL,,,ADAPTIVE,FINANCE DIRECTOR,
GRUPO SALINAS,,,,,Adaptive,Corporate Finance Director,,GRUPO SALINAS,,,ADAPTIVE,CORPORATE FINANCE DIRECTOR,
QUALA S.A.,,,,,Adaptive,Gerente Nacional Ventas Canal Moderno,,QUALA S A,,,ADAPTIVE,GERENTE NACIONAL VENTAS CANAL MODERNO,
EL PALACIO DE HIERRO,,,,,Adaptive,Director Planeación Financiera,,EL PALACIO DE HIERRO,,,ADAPTIVE,DIRECTOR PLANEACION FINANCIERA,
ATRADIUS SEGUROS DE CRÉDITO,web,,,,Adaptive,,,ATRADIUS SEGUROS DE CREDITO,WEB,,ADAPTIVE,,
INDUSTRIAS UNIDAS S.A.,,,,,Adaptive,Gerente de Planeacion Financiera,,INDUSTRIAS UNIDAS S A,,,ADAPTIVE,GERENTE DE PLANEACION FINANCIERA,
ACCO BRANDS,,,,,Adaptive,Global IT Operational Excellence Director,,ACCO BRANDS,,,ADAPTIVE,GLOBAL IT OPERATIONAL EXCELLENCE DIRECTOR,
GRUPO SID,web,,,,Adaptive,Gerente de planificación y análisis financiero,,GRUPO SID,WEB,,ADAPTIVE,GERENTE DE PLANIFICACION Y ANALISIS FINANCIERO,
WIGOOBOX,,,,,Adaptive,Director de finanzas y administración,,WIGOOBOX,,,ADAPTIVE,DIRECTOR DE FINANZAS Y ADMINISTRACION,
MCM telcom,,,,,Adaptive,,,MCM TELCOM,,,ADAPTIVE,,
JUGUETRON,,,,,Adaptive,CFO,,JUGUETRON,,,ADAPTIVE,CFO,
Mondelez,,,,,Adaptive,Strategy Planning Manager,,MONDELEZ,,,ADAPTIVE,STRATEGY PLANNING MANAGER,
Home Interiors,,Servicios,,,Adaptive,,México,HOME INTERIORS,,SERVICIOS,ADAPTIVE,,MEXICO
AXIONLOG,,,,,Adaptive,,,AXIONLOG,,,ADAPTIVE,,
STANHOME,,,,,Adaptive,Director of IT and Special Projects,,STANHOME,,,ADAPTIVE,DIRECTOR OF IT AND SPECIAL PROJECTS,
ORGANIZACIÓN SORIANA,,,,,Adaptive,,,ORGANIZACION SORIANA,,,ADAPTIVE,,
JEMAFLEX DE MEXICO,,,,,Adaptive,CEO Jemaflex de México,,JEMAFLEX DE MEXICO,,,ADAPTIVE,CEO JEMAFLEX DE MEXICO,
BIC,,,,,Adaptive,Plant Controller,,BIC,,,ADAPTIVE,PLANT CONTROLLER,
WWE,,,,,Adaptive,Commercial Operations Director LatAm,,WWE,,,ADAPTIVE,COMMERCIAL OPERATIONS DIRECTOR LATAM,
RB,,,,,Adaptive,Especialista de Planeación Financiera,,RB,,,ADAPTIVE,ESPECIALISTA DE PLANEACION FINANCIERA,
ALLIANZ MÉXICO,,,,,Adaptive,,,ALLIANZ MEXICO,,,ADAPTIVE,,
Leche Andina,,,,,Adaptive,,,LECHE ANDINA,,,ADAPTIVE,,
GRISI HNOS,,,,,Adaptive,Coordinador de planeación financiera,,GRISI HNOS,,,ADAPTIVE,COORDINADOR DE PLANEACION FINANCIERA,
UNILEVER,,,,,Adaptive,Finance Head North Latin America - Food Solutions,,UNILEVER,,,ADAPTIVE,FINANCE HEAD NORTH LATIN AMERICA FOOD SOLUTIONS,
GRUPO HOTELERO BRISAS,,,,,Adaptive,Gerente financiero y administrativo,,GRUPO HOTELERO BRISAS,,,ADAPTIVE,GERENTE FINANCIERO Y ADMINISTRATIVO,
CARGILL,,,,,Adaptive,Financial Analyst (FP&A),,CARGILL,,,ADAPTIVE,FINANCIAL ANALYST FP A,
ELI LILLY Y CIA DE MÉXICO S.A. DE CV,,,,,Adaptive,,,ELI LILLY Y CIA DE MEXICO S A DE CV,,,ADAPTIVE,,
CUAUHTÉMOC-MOCTEZUMA,web,,,,Adaptive,Business Solutions Finance Leader,,CUAUHTEMOC MOCTEZUMA,WEB,,ADAPTIVE,BUSINESS SOLUTIONS FINANCE LEADER,
HEINEKEN MÉXICO,web,,,,Adaptive,Business Solutions Finance Leader,,HEINEKEN MEXICO,WEB,,ADAPTIVE,BUSINESS SOLUTIONS FINANCE LEADER,
SUMA GLOBAL PACK,web,,,,Adaptive,Especialista nacional en cuentas,,SUMA GLOBAL PACK,WEB,,ADAPTIVE,ESPECIALISTA NACIONAL EN CUENTAS,
ANHEUSER -BUSCH INBEV,web,,,,Adaptive,Gerente de Planeación Estratégica,,ANHEUSER BUSCH INBEV,WEB,,ADAPTIVE,GERENTE DE PLANEACION ESTRATEGICA,
MABE,,,,,Adaptive,Manager in Digital Transformation Office,,MABE,,,ADAPTIVE,MANAGER IN DIGITAL TRANSFORMATION OFFICE,
Carval,,Manufactura,,,Adaptive,,México||Colombia||Ecuador,CARVAL,,MANUFACTURA,ADAPTIVE,,MEXICO COLOMBIA ECUADOR
UNIVERSIDAD ANAHUAC,,,,,Adaptive,Profesor de la Facultad de Economía y Negocios,,UNIVERSIDAD ANAHUAC,,,ADAPTIVE,PROFESOR DE LA FACULTAD DE ECONOMIA Y NEGOCIOS,
GRUPO CLISA,,,,,Adaptive,CFO &amp,,GRUPO CLISA,,,ADAPTIVE,CFO AMP,
FERRERO,,,,,Adaptive,IT Director &amp,,FERRERO,,,ADAPTIVE,IT DIRECTOR AMP,
CONAGRA FOODS,,,,,Adaptive,Director Finance,,CONAGRA FOODS,,,ADAPTIVE,DIRECTOR FINANCE,
SANDOZ,,,,,Adaptive,CFO,,SANDOZ,,,ADAPTIVE,CFO,
TECNOLOGICO DE MONTERREY,,,,,Adaptive,Profesor de la Facultad de Economía y Negocios,,TECNOLOGICO DE MONTERREY,,,ADAPTIVE,PROFESOR DE LA FACULTAD DE ECONOMIA Y NEGOCIOS,
GLOBAL HITSS,,,,,Adaptive,Gerente de Planeacion Financiera,,GLOBAL HITSS,,,ADAPTIVE,GERENTE DE PLANEACION FINANCIERA,
GRUPO MINSA,,,,,Adaptive,,,GRUPO MINSA,,,ADAPTIVE,,
Corona Atizapan,,Manufactura,,,Adaptive,,México,CORONA ATIZAPAN,,MANUFACTURA,ADAPTIVE,,MEXICO
FARMACIAS BENAVIDES,,,,,Adaptive,,,FARMACIAS BENAVIDES,,,ADAPTIVE,,
PEPSICO,,,,,Adaptive,SC Ops Facilitator,,PEPSICO,,,ADAPTIVE,SC OPS FACILITATOR,
SANOFI,,,,,Adaptive,Head Of Finance Operations,,SANOFI,,,ADAPTIVE,HEAD OF FINANCE OPERATIONS,
AMBROSIA,,,,,Adaptive,"Chief Operating Officer, Ambrosía",,AMBROSIA,,,ADAPTIVE,CHIEF OPERATING OFFICER AMBROSIA,
MOKSHA8,,,,,Adaptive,,,MOKSHA8,,,ADAPTIVE,,
GRUPO ALEN,,,,,Adaptive,Analista Marketing Finance,,GRUPO ALEN,,,ADAPTIVE,ANALISTA MARKETING FINANCE,
WHIRLPOOL,,,,,Adaptive,Financial Planning &amp,,WHIRLPOOL,,,ADAPTIVE,FINANCIAL PLANNING AMP,
PEPSICO,,,,,Adaptive,SAP IM/WO Specialist,,PEPSICO,,,ADAPTIVE,SAP IM WO SPECIALIST,
GRUPO VASCONIA SAB,,,,,Adaptive,General Manager,,GRUPO VASCONIA SAB,,,ADAPTIVE,GENERAL MANAGER,
"CLAYTON DE MÉXICO, S.A. DE C.V.",,,,,Adaptive,,,CLAYTON DE MEXICO S A DE C V,,,ADAPTIVE,,
CLG TRANSPORTES,,,,,Adaptive,Director general,,CLG TRANSPORTES,,,ADAPTIVE,DIRECTOR GENERAL,
Grupo mym,,,,,Adaptive,,,GRUPO MYM,,,ADAPTIVE,,
SEGUROS DE MONTERREY NEW YORK LIFE,web,,,,Adaptive,Director General,,SEGUROS DE MONTERREY NEW YORK LIFE,WEB,,ADAPTIVE,DIRECTOR GENERAL,
VIVE SEGUROS,,,,,Adaptive,Director General,,VIVE SEGUROS,,,ADAPTIVE,DIRECTOR GENERAL,
METLIFE MÉXICO,,,,,Adaptive,,,METLIFE MEXICO,,,ADAPTIVE,,
ELICA,,,,,Adaptive,General &amp,,ELICA,,,ADAPTIVE,GENERAL AMP,
Grupo Ron Diplomático,,Manufactura,,,Adaptive,,Venezuela,GRUPO RON DIPLOMATICO,,MANUFACTURA,ADAPTIVE,,VENEZUELA
BACARDI,web,,,,Adaptive,VP & Managing Director - México,,BACARDI,WEB,,ADAPTIVE,VP MANAGING DIRECTOR MEXICO,
THE HOME DEPOT MÉXICO,,,,,Adaptive,IT Financial Planning Manager,,THE HOME DEPOT MEXICO,,,ADAPTIVE,IT FINANCIAL PLANNING MANAGER,
GRUPO ALEN,,,,,Adaptive,Finance and Project Coordinator,,GRUPO ALEN,,,ADAPTIVE,FINANCE AND PROJECT COORDINATOR,
URBI,,,,,Adaptive,Gerente de Planeación,,URBI,,,ADAPTIVE,GERENTE DE PLANEACION,
Novaventa,web,Manufactura,,,Adaptive,Analista de planeación estratégica,Colombia,NOVAVENTA,WEB,MANUFACTURA,ADAPTIVE,ANALISTA DE PLANEACION ESTRATEGICA,COLOMBIA
TRANE,,,,,Adaptive,FP&A,,TRANE,,,ADAPTIVE,FP A,
PAPELES CORRUGADOS,,,,,Adaptive,,,PAPELES CORRUGADOS,,,ADAPTIVE,,
GRUPO BIMBO,,,,,Adaptive,,,GRUPO BIMBO,,,ADAPTIVE,,
FABRICAS DE CALZADO ANDREA,,,,,Adaptive,Gerente Planeación Financiera y Presupuestos,,FABRICAS DE CALZADO ANDREA,,,ADAPTIVE,GERENTE PLANEACION FINANCIERA Y PRESUPUESTOS,
MATTEL LATIN AMERICA,,,,,Adaptive,Regional Sr Director HR Latin America,,MATTEL LATIN AMERICA,,,ADAPTIVE,REGIONAL SR DIRECTOR HR LATIN AMERICA,
GNP SEGUROS,web,,,,Adaptive,,,GNP SEGUROS,WEB,,ADAPTIVE,,
NACIONAL MONTE DE PIEDAD,,,,,Adaptive,Associate,,NACIONAL MONTE DE PIEDAD,,,ADAPTIVE,ASSOCIATE,
UNILEVER,,,,,Adaptive,FP&A manager North Latin America,,UNILEVER,,,ADAPTIVE,FP A MANAGER NORTH LATIN AMERICA,
IFF,,,,,Adaptive,Finance Manager,,IFF,,,ADAPTIVE,FINANCE MANAGER,
STAND& DELIVER GROUP,,,,,Adaptive,Associate,,STAND DELIVER GROUP,,,ADAPTIVE,ASSOCIATE,
Electro Japonesa,,,,,Adaptive,Director Financiero,,ELECTRO JAPONESA,,,ADAPTIVE,DIRECTOR FINANCIERO,
Confiteca,,,,,Adaptive,,,CONFITECA,,,ADAPTIVE,,
GENOMMA LAB,,,,,Adaptive,Connect + Development VP,,GENOMMA LAB,,,ADAPTIVE,CONNECT DEVELOPMENT VP,
GRUPO HIDROSINA,,,,,Adaptive,Director Comercial/Ventas y de Servicio al Cliente,,GRUPO HIDROSINA,,,ADAPTIVE,DIRECTOR COMERCIAL VENTAS Y DE SERVICIO AL CLIENTE,
DENTEGRA SEGUROS DENTALES,,,,,Adaptive,Gerente de finanzas,,DENTEGRA SEGUROS DENTALES,,,ADAPTIVE,GERENTE DE FINANZAS,
kimberly-clark,,,,,Adaptive,Gerente de Infraestructura y Operación T.I,,KIMBERLY CLARK,,,ADAPTIVE,GERENTE DE INFRAESTRUCTURA Y OPERACION T I,
ONTEX,,,,,Adaptive,Sales Controller,,ONTEX,,,ADAPTIVE,SALES CONTROLLER,
Tesalia,,,,,Adaptive,FINANCIAL MANAGER,,TESALIA,,,ADAPTIVE,FINANCIAL MANAGER,
STEVE MADDEN,,,,,Adaptive,Gerente de Contabilidad y Finanzas,,STEVE MADDEN,,,ADAPTIVE,GERENTE DE CONTABILIDAD Y FINANZAS,
PRODIGY,,,,,Adaptive,,,PRODIGY,,,ADAPTIVE,,
MC CORMICK PESA,,,,,Adaptive,Controller,,MC CORMICK PESA,,,ADAPTIVE,CONTROLLER,
BACARDI,,,,,Adaptive,Manager Financial Planning and Analysis,,BACARDI,,,ADAPTIVE,MANAGER FINANCIAL PLANNING AND ANALYSIS,
ITALMEX PHARMA,,,,,Adaptive,Commercial Director,,ITALMEX PHARMA,,,ADAPTIVE,COMMERCIAL DIRECTOR,
WALMART,,,,,Adaptive,Financial Planning Manager,,WALMART,,,ADAPTIVE,FINANCIAL PLANNING MANAGER,
NATURESWEET,,,,,Adaptive,Financial Director / Director Financiero,,NATURESWEET,,,ADAPTIVE,FINANCIAL DIRECTOR DIRECTOR FINANCIERO,
GRUPO ZUCARMEX,,,,,Adaptive,Finance and Strategy Special Projects,,GRUPO ZUCARMEX,,,ADAPTIVE,FINANCE AND STRATEGY SPECIAL PROJECTS,
Pozuelo,web,,,,Adaptive,,,POZUELO,WEB,,ADAPTIVE,,
LIVERPOOL,web,,,,Adaptive,Chief Financial Officer,,LIVERPOOL,WEB,,ADAPTIVE,CHIEF FINANCIAL OFFICER,
CUETARA COOKIES,web,,,,Adaptive,Gerente de sistemas,,CUETARA COOKIES,WEB,,ADAPTIVE,GERENTE DE SISTEMAS,
GRUNENTHAL,web,,,,Adaptive,Head of Controlling CAMEX,,GRUNENTHAL,WEB,,ADAPTIVE,HEAD OF CONTROLLING CAMEX,
EGADE BUSINESS SCHOOL DEL TECNOLÓLGICO DE MONTERREY,,,,,Adaptive,Chief Financial Officer,,EGADE BUSINESS SCHOOL DEL TECNOLOLGICO DE MONTERREY,,,ADAPTIVE,CHIEF FINANCIAL OFFICER,
EUROFARMA,,Manufactura,,,Adaptive,Gerente Administración y Finanzas,Perú,EUROFARMA,,MANUFACTURA,ADAPTIVE,GERENTE ADMINISTRACION Y FINANZAS,PERU
SOLUCIONES INTEGRALES IKNELIA,,,,,Adaptive,Socio Fundador y Director General,,SOLUCIONES INTEGRALES IKNELIA,,,ADAPTIVE,SOCIO FUNDADOR Y DIRECTOR GENERAL,
MEDIX®,,,,,Adaptive,Senior Corporate Information Technology Manager,,MEDIX,,,ADAPTIVE,SENIOR CORPORATE INFORMATION TECHNOLOGY MANAGER,
KCC,,,,,Adaptive,Gerente de Infraestructura y Operación T.I,,KCC,,,ADAPTIVE,GERENTE DE INFRAESTRUCTURA Y OPERACION T I,
SEAGATE,,,,,Adaptive,Sr Financial,,SEAGATE,,,ADAPTIVE,SR FINANCIAL,
SANDOZ,,,,,Adaptive,Country Head - Sandoz México,,SANDOZ,,,ADAPTIVE,COUNTRY HEAD SANDOZ MEXICO,
ESACERO S.A.,,,,,Adaptive,Contador General,,ESACERO S A,,,ADAPTIVE,CONTADOR GENERAL,
GRUPO CHEDRAUI,web,,,,Adaptive,Gerente de Relación con Inversionistas,,GRUPO CHEDRAUI,WEB,,ADAPTIVE,GERENTE DE RELACION CON INVERSIONISTAS,
CASA CUERVO,,,,,Adaptive,Analista Planeación Financiera,,CASA CUERVO,,,ADAPTIVE,ANALISTA PLANEACION FINANCIERA,
R.S. HUGHES,,,,,Adaptive,Gerente de operaciones,,R S HUGHES,,,ADAPTIVE,GERENTE DE OPERACIONES,
MERCK,,,,,Adaptive,Head of Business Technology,,MERCK,,,ADAPTIVE,HEAD OF BUSINESS TECHNOLOGY,
THE MIDDLEBY CORPORATION,,,,,Adaptive,Director de finanzas Mexico,,THE MIDDLEBY CORPORATION,,,ADAPTIVE,DIRECTOR DE FINANZAS MEXICO,
FORZASTEEL,,,,,Adaptive,,,FORZASTEEL,,,ADAPTIVE,,
GRUPO EDUCARE,,,,,Adaptive,Gerente de operaciones,,GRUPO EDUCARE,,,ADAPTIVE,GERENTE DE OPERACIONES,
UNIVERSIDAD PANAMERICANO,,,,,Adaptive,Chief Financial Officer,,UNIVERSIDAD PANAMERICANO,,,ADAPTIVE,CHIEF FINANCIAL OFFICER,
KIMBERLY CLARK DE MEXICO,,,,,Adaptive,,,KIMBERLY CLARK DE MEXICO,,,ADAPTIVE,,
ABBOTT,,,,,Adaptive,Finance Controller,,ABBOTT,,,ADAPTIVE,FINANCE CONTROLLER,
AIG,,,,,Adaptive,,,AIG,,,ADAPTIVE,,
GIGANTE,,,,,Adaptive,CFO,,GIGANTE,,,ADAPTIVE,CFO,
AIG,,,,,Adaptive,CFO - Mexico and Legacy LATAM Entities,,AIG,,,ADAPTIVE,CFO MEXICO AND LEGACY LATAM ENTITIES,
HILTI,web,,,,Adaptive,Financial Controller,,HILTI,WEB,,ADAPTIVE,FINANCIAL CONTROLLER,
GRUPO MODELO,,,,,Adaptive,Gerente Sr. Planeación Financiera,,GRUPO MODELO,,,ADAPTIVE,GERENTE SR PLANEACION FINANCIERA,
RB,,,,,Adaptive,Regional Finance Controller LATAM Health,,RB,,,ADAPTIVE,REGIONAL FINANCE CONTROLLER LATAM HEALTH,
DAWN FOODS,,,,,Adaptive,Financial Planning Leader,,DAWN FOODS,,,ADAPTIVE,FINANCIAL PLANNING LEADER,
COLCHONES WENDY S.A.,web,,,,Adaptive,Profesor Inteligencia de Negocios,,COLCHONES WENDY S A,WEB,,ADAPTIVE,PROFESOR INTELIGENCIA DE NEGOCIOS,
ITESO,,,,,Adaptive,Profesor Inteligencia de Negocios,,ITESO,,,ADAPTIVE,PROFESOR INTELIGENCIA DE NEGOCIOS,
GRUPO CARSO,,,,,Adaptive,,,GRUPO CARSO,,,ADAPTIVE,,
LACOSTE,,,,,Adaptive,CFO Lacoste,,LACOSTE,,,ADAPTIVE,CFO LACOSTE,
ASAP TESTING,web,,,,Adaptive,Managing Director,,ASAP TESTING,WEB,,ADAPTIVE,MANAGING DIRECTOR,
SEGUROS MONTERREY NEW YORK LIFE,,,,,Adaptive,Director de Administracion Financiera,,SEGUROS MONTERREY NEW YORK LIFE,,,ADAPTIVE,DIRECTOR DE ADMINISTRACION FINANCIERA,
COCA-COLA,,,,,Adaptive,Region Finance Director South Latin,,COCA COLA,,,ADAPTIVE,REGION FINANCE DIRECTOR SOUTH LATIN,
GLP,web,Manufactura,,,Adaptive,,Brasil,GLP,WEB,MANUFACTURA,ADAPTIVE,,BRASIL
ROYAL RESORTS,,,,,Adaptive,Group CFO,,ROYAL RESORTS,,,ADAPTIVE,GROUP CFO,
GRUPO BIMBO,,,,,Adaptive,,,GRUPO BIMBO,,,ADAPTIVE,,
FELLOWES BRANDS,,,,,Adaptive,Director &amp,,FELLOWES BRANDS,,,ADAPTIVE,DIRECTOR AMP,
PISA FARMACEÚTICA,web,,,,Adaptive,CFO - Director Ejecutivo de Administración y Soporte,,PISA FARMACEUTICA,WEB,,ADAPTIVE,CFO DIRECTOR EJECUTIVO DE ADMINISTRACION Y SOPORTE,
CBC,,,,,Adaptive,,,CBC,,,ADAPTIVE,,
FIBRA INN,,,,,Adaptive,Gerente de planeación financiera y Tesorería,,FIBRA INN,,,ADAPTIVE,GERENTE DE PLANEACION FINANCIERA Y TESORERIA,
KELLOGG COMPANY,,,,,Adaptive,Finance Director,,KELLOGG COMPANY,,,ADAPTIVE,FINANCE DIRECTOR,
LECHE SAN MARCOS,web,,,,Adaptive,CFO,,LECHE SAN MARCOS,WEB,,ADAPTIVE,CFO,
PEPSICO,,,,,Adaptive,Financial Planning Analyst,,PEPSICO,,,ADAPTIVE,FINANCIAL PLANNING ANALYST,
CASA CUERVO,,,,,Adaptive,CFO,,CASA CUERVO,,,ADAPTIVE,CFO,
NovaThinka,,Servicios,,,Adaptive,,Colombia,NOVATHINKA,,SERVICIOS,ADAPTIVE,,COLOMBIA
"GRUPO POSADAS DE MÉXICO, S.A. DE C.V.",,,,,Adaptive,,,GRUPO POSADAS DE MEXICO S A DE C V,,,ADAPTIVE,,
PROVEEDORES DE INGENIERÍA DE ALIMENTOS,,,,,Adaptive,Finance Manager,,PROVEEDORES DE INGENIERIA DE ALIMENTOS,,,ADAPTIVE,FINANCE MANAGER,
MARSH,,,,,Adaptive,Mexico CFO,,MARSH,,,ADAPTIVE,MEXICO CFO,
LLANO DE LA TORRE,,,,,Adaptive,Director General Adjunto,,LLANO DE LA TORRE,,,ADAPTIVE,DIRECTOR GENERAL ADJUNTO,
GRUPO BIOSSMANN,web,,,,Adaptive,Especialista Corporativo de Planeación Financiera,,GRUPO BIOSSMANN,WEB,,ADAPTIVE,ESPECIALISTA CORPORATIVO DE PLANEACION FINANCIERA,
GRUPO CHEDRAUI,,,,,Adaptive,,,GRUPO CHEDRAUI,,,ADAPTIVE,,
PRODES PROMOTORA DE DESHIDRATADOS,,,,,Adaptive,Gerencia Administrativa,,PRODES PROMOTORA DE DESHIDRATADOS,,,ADAPTIVE,GERENCIA ADMINISTRATIVA,
Kellog,,Manufactura,,,Adaptive,Finance,México,KELLOG,,MANUFACTURA,ADAPTIVE,FINANCE,MEXICO
WALMART,,,,,Adaptive,Subgerente de planeacion financiera,,WALMART,,,ADAPTIVE,SUBGERENTE DE PLANEACION FINANCIERA,
7-ELEVEN MEXICO,,,,,Adaptive,Sistemas Comerciales TI,,7 ELEVEN MEXICO,,,ADAPTIVE,SISTEMAS COMERCIALES TI,
SEGUROS MONTERREY NEW YORK LIFE,,,,,Adaptive,Chief Financial Officer,,SEGUROS MONTERREY NEW YORK LIFE,,,ADAPTIVE,CHIEF FINANCIAL OFFICER,
AZUCAR GRUPO SAENZ,web,,,,Adaptive,Group CFO,,AZUCAR GRUPO SAENZ,WEB,,ADAPTIVE,GROUP CFO,
AFP Genesis,,,,,Adaptive,Contador General,,AFP GENESIS,,,ADAPTIVE,CONTADOR GENERAL,
Mondelez,,Manufactura,,,Adaptive,Financial Director,Venezuela,MONDELEZ,,MANUFACTURA,ADAPTIVE,FINANCIAL DIRECTOR,VENEZUELA
ROSHFRANS MX,,,,,Adaptive,Director de Administración,,ROSHFRANS MX,,,ADAPTIVE,DIRECTOR DE ADMINISTRACION,
GRUPO MEXICANO DE SEGUROS,,,,,Adaptive,Gerente de RH,,GRUPO MEXICANO DE SEGUROS,,,ADAPTIVE,GERENTE DE RH,
NEOLPHARMA S.A. DE C.V.,,,,,Adaptive,Directora Negocios Internacionales Latam,,NEOLPHARMA S A DE C V,,,ADAPTIVE,DIRECTORA NEGOCIOS INTERNACIONALES LATAM,
MERCK,,,,,Adaptive,Senior Controller Specialist,,MERCK,,,ADAPTIVE,SENIOR CONTROLLER SPECIALIST,
GRUPO SOMAR,,,,,Adaptive,CFO,,GRUPO SOMAR,,,ADAPTIVE,CFO,
GRUPO BIMBO,,,,,Adaptive,,,GRUPO BIMBO,,,ADAPTIVE,,
PHILLIPS,,,,,Adaptive,Commercial Planning Sr Manager,,PHILLIPS,,,ADAPTIVE,COMMERCIAL PLANNING SR MANAGER,
ALPEZZI CHOCOLATE,,,,,Adaptive,Gerente de Planeación Financiera y Costos,,ALPEZZI CHOCOLATE,,,ADAPTIVE,GERENTE DE PLANEACION FINANCIERA Y COSTOS,
KUA MEX FOODS,,,,,Adaptive,Socio y Director Comercial,,KUA MEX FOODS,,,ADAPTIVE,SOCIO Y DIRECTOR COMERCIAL,
OFFICE DEPOT,web,,,,Adaptive,,,OFFICE DEPOT,WEB,,ADAPTIVE,,
Kellog,,Manufactura,,,Adaptive,,México,KELLOG,,MANUFACTURA,ADAPTIVE,,MEXICO
GREENBERG TRAURIG,,,,,Adaptive,Managing Director,,GREENBERG TRAURIG,,,ADAPTIVE,MANAGING DIRECTOR,
GRUPO CHOCOLATE IBARRA,,,,,Adaptive,Gerente Adiministrativo Comercial,,GRUPO CHOCOLATE IBARRA,,,ADAPTIVE,GERENTE ADIMINISTRATIVO COMERCIAL,
GRUPO ADOROTE,,,,,Adaptive,Finance and Operations Director,,GRUPO ADOROTE,,,ADAPTIVE,FINANCE AND OPERATIONS DIRECTOR,
GRUPO GALERÍA,,Manufactura,,,Adaptive,Jefe de Planeación Financiera,México,GRUPO GALERIA,,MANUFACTURA,ADAPTIVE,JEFE DE PLANEACION FINANCIERA,MEXICO
OFFICE DEPOT,,,,,Adaptive,,,OFFICE DEPOT,,,ADAPTIVE,,
Induatenas,,Manufactura,,,Adaptive,,Ecuador,INDUATENAS,,MANUFACTURA,ADAPTIVE,,ECUADOR
BACARDI,,,,,Adaptive,Finance Plant - Cost Accountant Leader,,BACARDI,,,ADAPTIVE,FINANCE PLANT COST ACCOUNTANT LEADER,
GRUPO CALIFA,,,,,Adaptive,Director de Marca y Nuevos Proyectos,,GRUPO CALIFA,,,ADAPTIVE,DIRECTOR DE MARCA Y NUEVOS PROYECTOS,
"ACH FOOD COMPANIES, INC",,,,,Adaptive,Senior Operations Manager,,ACH FOOD COMPANIES INC,,,ADAPTIVE,SENIOR OPERATIONS MANAGER,
GRUPO PIASA,,,,,Adaptive,Jefe de Finanzas,,GRUPO PIASA,,,ADAPTIVE,JEFE DE FINANZAS,
GRUPO ROTOPLAS,,,,,Adaptive,Comptroller Director,,GRUPO ROTOPLAS,,,ADAPTIVE,COMPTROLLER DIRECTOR,
APOTEX,,,,,Adaptive,Latam Finance Director,,APOTEX,,,ADAPTIVE,LATAM FINANCE DIRECTOR,
GRUPO TMM,,,,,Adaptive,Analista de Proyectos,,GRUPO TMM,,,ADAPTIVE,ANALISTA DE PROYECTOS,
La Anita,,Manufactura,,,Adaptive,,,LA ANITA,,MANUFACTURA,ADAPTIVE,,
CHARDON MEXICO ELECTRIC S.A. DE C.V.,,,,,Adaptive,Cotroller,,CHARDON MEXICO ELECTRIC S A DE C V,,,ADAPTIVE,COTROLLER,
La anita,,,,,Adaptive,Gerente de TI,,LA ANITA,,,ADAPTIVE,GERENTE DE TI,
GRUPO AMPM,,,,,Adaptive,Director General División Logtrade,,GRUPO AMPM,,,ADAPTIVE,DIRECTOR GENERAL DIVISION LOGTRADE,
Chubb,,,,,Adaptive,,,CHUBB,,,ADAPTIVE,,
Laboratorios Sophia,,Manufactura,,,Adaptive,,,LABORATORIOS SOPHIA,,MANUFACTURA,ADAPTIVE,,
GRUPO BIMBO,,,,,Adaptive,Director General Organización Latin Sur,,GRUPO BIMBO,,,ADAPTIVE,DIRECTOR GENERAL ORGANIZACION LATIN SUR,
LEGO GROUP,,,,,Adaptive,"Corporate Financial Planning, Sr. Manager",,LEGO GROUP,,,ADAPTIVE,CORPORATE FINANCIAL PLANNING SR MANAGER,
Arcor,,Retail,,,Adaptive,,Perú,ARCOR,,RETAIL,ADAPTIVE,,PERU
"SPECTRUM BRANDS,INC",,,,,Adaptive,Planeación Financiera,,SPECTRUM BRANDS INC,,,ADAPTIVE,PLANEACION FINANCIERA,
GRUPO INDUSTRIAL SALTILLO,,,,,Adaptive,Gerente de Consolidación e Información Financiera,,GRUPO INDUSTRIAL SALTILLO,,,ADAPTIVE,GERENTE DE CONSOLIDACION E INFORMACION FINANCIERA,
AVERY DENNISON RBIS,,,,,Adaptive,Analista de planificación financiera,,AVERY DENNISON RBIS,,,ADAPTIVE,ANALISTA DE PLANIFICACION FINANCIERA,
SAMSUNG ELECTRONICS MÉXICO,,,,,Adaptive,CFO,,SAMSUNG ELECTRONICS MEXICO,,,ADAPTIVE,CFO,
ISASTUR,,,,,Adaptive,Gerente Contador General ( Controller),,ISASTUR,,,ADAPTIVE,GERENTE CONTADOR GENERAL CONTROLLER,
MILLICOM,,,,,Adaptive,IT Category Manager - Procurement,,MILLICOM,,,ADAPTIVE,IT CATEGORY MANAGER PROCUREMENT,
MTWA SOLUCIONES INTEGRALES,,,,,Adaptive,Director,,MTWA SOLUCIONES INTEGRALES,,,ADAPTIVE,DIRECTOR,
GRUPO BIMBO,,,,,Adaptive,,,GRUPO BIMBO,,,ADAPTIVE,,
GRISI HNOS,,,,,Adaptive,Director de Administracion y Finanzas,,GRISI HNOS,,,ADAPTIVE,DIRECTOR DE ADMINISTRACION Y FINANZAS,
GRUPO BITUAJ,,,,,Adaptive,Director General,,GRUPO BITUAJ,,,ADAPTIVE,DIRECTOR GENERAL,
KELLOGG COMPANY,,,,,Adaptive,Latin América CIO,,KELLOGG COMPANY,,,ADAPTIVE,LATIN AMERICA CIO,
BOEHRINGER INGELHEIM MÉXICO,,,,,Adaptive,Head of Finance Animal Health,,BOEHRINGER INGELHEIM MEXICO,,,ADAPTIVE,HEAD OF FINANCE ANIMAL HEALTH,
GBT BIOTOSCANA GROUP,,,,,Adaptive,Accounting &amp,,GBT BIOTOSCANA GROUP,,,ADAPTIVE,ACCOUNTING AMP,
PEPSICO,,,,,Adaptive,Director Financiero Sabritas,,PEPSICO,,,ADAPTIVE,DIRECTOR FINANCIERO SABRITAS,
FRAMACIAS BENAVIDES,,,,,Adaptive,Analista de Planeación Financiera Comercial Sr.,,FRAMACIAS BENAVIDES,,,ADAPTIVE,ANALISTA DE PLANEACION FINANCIERA COMERCIAL SR,
Parauco,,Retail,,,Adaptive,TI,,PARAUCO,,RETAIL,ADAPTIVE,TI,
LIVERPOOL,,,,,Adaptive,Planeación financiera,,LIVERPOOL,,,ADAPTIVE,PLANEACION FINANCIERA,
GRUPO VASCONIA SAB,,,,,Adaptive,Contralor Corporativo,,GRUPO VASCONIA SAB,,,ADAPTIVE,CONTRALOR CORPORATIVO,
Incalpaca,,Manufactura,,,Adaptive,,Perú,INCALPACA,,MANUFACTURA,ADAPTIVE,,PERU
UNILEVER,,,,,Adaptive,Supply Chain Finance Business Partner,,UNILEVER,,,ADAPTIVE,SUPPLY CHAIN FINANCE BUSINESS PARTNER,
GRUPO PIASA,,,,,Adaptive,CFO,,GRUPO PIASA,,,ADAPTIVE,CFO,
FARMACIAS SIMILARES,,,,,Adaptive,,,FARMACIAS SIMILARES,,,ADAPTIVE,,
PINTURAS BERELS.A.DE C.V.,,,,,Adaptive,Director de Administración y Finanzas,,PINTURAS BERELS A DE C V,,,ADAPTIVE,DIRECTOR DE ADMINISTRACION Y FINANZAS,
GRUPO ALEN,,,,,Adaptive,Administración Comercial,,GRUPO ALEN,,,ADAPTIVE,ADMINISTRACION COMERCIAL,
MUMUSO MEXICO,,,,,Adaptive,Chief Executive Officer at HEMA Mexico,,MUMUSO MEXICO,,,ADAPTIVE,CHIEF EXECUTIVE OFFICER AT HEMA MEXICO,
GRUPO ALTEX,,,,,Adaptive,Contralor,,GRUPO ALTEX,,,ADAPTIVE,CONTRALOR,
PPG,,,,,Adaptive,Head of Credit,,PPG,,,ADAPTIVE,HEAD OF CREDIT,
QUALTIA,,,,,Adaptive,Coordinador de análisis financieros,,QUALTIA,,,ADAPTIVE,COORDINADOR DE ANALISIS FINANCIEROS,
CMR-MÉXICO,,,,,Adaptive,Financial Planning,,CMR MEXICO,,,ADAPTIVE,FINANCIAL PLANNING,
CASA CUERVO,,,,,Adaptive,,,CASA CUERVO,,,ADAPTIVE,,
QUALA S.A.,,,,,Adaptive,Gerente de Planeación Financiera,,QUALA S A,,,ADAPTIVE,GERENTE DE PLANEACION FINANCIERA,
GRIFFITH FOODS,,,,,Adaptive,Director of Finance,,GRIFFITH FOODS,,,ADAPTIVE,DIRECTOR OF FINANCE,
HDI SEGUROS M√âXICO,,,,,Adaptive,Director de Operaciones Financieras,,HDI SEGUROS M AXICO,,,ADAPTIVE,DIRECTOR DE OPERACIONES FINANCIERAS,
ANHEUSER-BUSCH INBEV,,,,,Adaptive,FP&A VLC | VIC Manager,,ANHEUSER BUSCH INBEV,,,ADAPTIVE,FP A VLC VIC MANAGER,
LAMOSA,,,,,Adaptive,,,LAMOSA,,,ADAPTIVE,,
INOVA MEXICO,,,,,Adaptive,CFO &amp,,INOVA MEXICO,,,ADAPTIVE,CFO AMP,
UCB,,,,,Adaptive,Coordinador de Planeación Financiera,,UCB,,,ADAPTIVE,COORDINADOR DE PLANEACION FINANCIERA,
BIC,,,,,Adaptive,México Finance Controller,,BIC,,,ADAPTIVE,MEXICO FINANCE CONTROLLER,
Alvarez Barba S.A,,,,,Adaptive,Jefe de Contabilidad,,ALVAREZ BARBA S A,,,ADAPTIVE,JEFE DE CONTABILIDAD,
BMS AT REDWOOD CITY,,,,,Adaptive,Senior Financial Planning Manager,,BMS AT REDWOOD CITY,,,ADAPTIVE,SENIOR FINANCIAL PLANNING MANAGER,
SUNOPTA,,,,,Adaptive,CFO - MX at SunOpta,,SUNOPTA,,,ADAPTIVE,CFO MX AT SUNOPTA,
SYNTHON,,,,,Adaptive,Director of Finance,,SYNTHON,,,ADAPTIVE,DIRECTOR OF FINANCE,
NEWELL BRANDS,,,,,Adaptive,FP&A Sr Manager LATAM,,NEWELL BRANDS,,,ADAPTIVE,FP A SR MANAGER LATAM,
LAMOSA,,,,,Adaptive,,,LAMOSA,,,ADAPTIVE,,
LAMOSA,,,,,Adaptive,,,LAMOSA,,,ADAPTIVE,,
NOVARTIS,,,,,Adaptive,Procurement to Pay BP Manager US,,NOVARTIS,,,ADAPTIVE,PROCUREMENT TO PAY BP MANAGER US,
Jugos del Valle,,Manufactura,,,Adaptive,,México,JUGOS DEL VALLE,,MANUFACTURA,ADAPTIVE,,MEXICO
GRUPO ALEN,,,,,Adaptive,Contador de Costos,,GRUPO ALEN,,,ADAPTIVE,CONTADOR DE COSTOS,
Essity,,Retail,,,Adaptive,Business Controlling Coordination Latin America,Colombia,ESSITY,,RETAIL,ADAPTIVE,BUSINESS CONTROLLING COORDINATION LATIN AMERICA,COLOMBIA
Location world,,,,,Adaptive,,,LOCATION WORLD,,,ADAPTIVE,,
FANASA FARMACOS NACIONALES,,,,,Adaptive,Gerente Jr. Información financiera,,FANASA FARMACOS NACIONALES,,,ADAPTIVE,GERENTE JR INFORMACION FINANCIERA,
HDI SEGUROS MEXICO,,,,,Adaptive,FP&amp,,HDI SEGUROS MEXICO,,,ADAPTIVE,FP AMP,
HI- CONE MEXICO ENVASES MULTIPAC,,,,,Adaptive,Controller,,HI CONE MEXICO ENVASES MULTIPAC,,,ADAPTIVE,CONTROLLER,
CEMEX,,,,,Adaptive,,,CEMEX,,,ADAPTIVE,,
GRUPO INDUSTRIAL MONCLOVA,,,,,Adaptive,Financial Planning and Analysis,,GRUPO INDUSTRIAL MONCLOVA,,,ADAPTIVE,FINANCIAL PLANNING AND ANALYSIS,
GRUPO BIMBO,,,,,Adaptive,,,GRUPO BIMBO,,,ADAPTIVE,,
WHIRLPOOL,,,,,Adaptive,Sr Financial and Planning Analyst,,WHIRLPOOL,,,ADAPTIVE,SR FINANCIAL AND PLANNING ANALYST,
Tajin,,Manufactura,,,Adaptive,Head of Finance,,TAJIN,,MANUFACTURA,ADAPTIVE,HEAD OF FINANCE,
GRUPO ALEN,,,,,Adaptive,Jefatura de Evaluación de Proyectos de Inversión,,GRUPO ALEN,,,ADAPTIVE,JEFATURA DE EVALUACION DE PROYECTOS DE INVERSION,
CID / GRUPO KNOBLOCH,,,,,Adaptive,Director General,,CID GRUPO KNOBLOCH,,,ADAPTIVE,DIRECTOR GENERAL,
COLGATE PALMOLIVE,,,,,Adaptive,Regional Budget & Planning Manager,,COLGATE PALMOLIVE,,,ADAPTIVE,REGIONAL BUDGET PLANNING MANAGER,
NOVARTIS,,,,,Adaptive,BPA Leader CVM,,NOVARTIS,,,ADAPTIVE,BPA LEADER CVM,
FEMSA,,,,,Adaptive,,,FEMSA,,,ADAPTIVE,,
BAXTER,,,,,Adaptive,Financial Planning Manager,,BAXTER,,,ADAPTIVE,FINANCIAL PLANNING MANAGER,
MAGNA STEYR,,,,,Adaptive,Controller / Purchasing Manager,,MAGNA STEYR,,,ADAPTIVE,CONTROLLER PURCHASING MANAGER,
Onapis,,Manufactura,,,Adaptive,,,ONAPIS,,MANUFACTURA,ADAPTIVE,,
GRUPO CUPRUM,,,,,Adaptive,Jefe de Planeación Financiera,,GRUPO CUPRUM,,,ADAPTIVE,JEFE DE PLANEACION FINANCIERA,
Econofarm S.A Corporación GPF,,,,,Adaptive,Contador General,,ECONOFARM S A CORPORACION GPF,,,ADAPTIVE,CONTADOR GENERAL,
IGSA,,,,,Adaptive,Senior Director Supply Chain,,IGSA,,,ADAPTIVE,SENIOR DIRECTOR SUPPLY CHAIN,
NADER HAYAUX & GOEBEL,,,,,Adaptive,Director General,,NADER HAYAUX GOEBEL,,,ADAPTIVE,DIRECTOR GENERAL,
NOVAMEX,,,,,Adaptive,Budget Accountant,,NOVAMEX,,,ADAPTIVE,BUDGET ACCOUNTANT,
HOTELES CITY EXPRESS,,,,,Adaptive,Chairman & CEO,,HOTELES CITY EXPRESS,,,ADAPTIVE,CHAIRMAN CEO,
GRUPO BIMBO,,,,,Adaptive,,,GRUPO BIMBO,,,ADAPTIVE,,
GRUPO INDUSTRIALMONCLOVA,,,,,Adaptive,Líder de Planeación Financiera,,GRUPO INDUSTRIALMONCLOVA,,,ADAPTIVE,LIDER DE PLANEACION FINANCIERA,
FREELANCE SELF EMPLOYED,,,,,Adaptive,Digital Transformation Consultant,,FREELANCE SELF EMPLOYED,,,ADAPTIVE,DIGITAL TRANSFORMATION CONSULTANT,
KIMBERLY CLARK DE MEXICO,,,,,Adaptive,Contralor administrativo area de compras,,KIMBERLY CLARK DE MEXICO,,,ADAPTIVE,CONTRALOR ADMINISTRATIVO AREA DE COMPRAS,
GNP SEGUROS,,,,,Adaptive,CFO,,GNP SEGUROS,,,ADAPTIVE,CFO,
BPL BIO PRODUCTS LABORATORY,,,,,Adaptive,General Manager Mexico,,BPL BIO PRODUCTS LABORATORY,,,ADAPTIVE,GENERAL MANAGER MEXICO,
NADRO,,,,,Adaptive,Gerencia Contraloria Administrativa,,NADRO,,,ADAPTIVE,GERENCIA CONTRALORIA ADMINISTRATIVA,
ATRADIUS SEGUROS DE CRÉDITO,,,,,Adaptive,,,ATRADIUS SEGUROS DE CREDITO,,,ADAPTIVE,,
MODA HOLDING,,,,,Adaptive,CFO,,MODA HOLDING,,,ADAPTIVE,CFO,
GRUPO TRIMEX S.A.,,,,,Adaptive,Desarrollo e Inteligencia de Negocio,,GRUPO TRIMEX S A,,,ADAPTIVE,DESARROLLO E INTELIGENCIA DE NEGOCIO,
GRUPO CHEDRAUI,,,,,Adaptive,,,GRUPO CHEDRAUI,,,ADAPTIVE,,
SEGUROS MONTERREY NEW YORK LIFE,,,,,Adaptive,gerente general,,SEGUROS MONTERREY NEW YORK LIFE,,,ADAPTIVE,GERENTE GENERAL,
NATURESWEET,,,,,Adaptive,Contralor,,NATURESWEET,,,ADAPTIVE,CONTRALOR,
FARMACIAS DE SIMILARES,,,,,Adaptive,Analista de Planeación Financiera,,FARMACIAS DE SIMILARES,,,ADAPTIVE,ANALISTA DE PLANEACION FINANCIERA,
Grupo axo,,Retail,,,Adaptive,,,GRUPO AXO,,RETAIL,ADAPTIVE,,
AlimentosAlConsumidor,,Manufactura,,,Adaptive,,Colombia,ALIMENTOSALCONSUMIDOR,,MANUFACTURA,ADAPTIVE,,COLOMBIA
LANDSTEINER SCIENTIFIC,,,,,Adaptive,Contralora,,LANDSTEINER SCIENTIFIC,,,ADAPTIVE,CONTRALORA,
CFB,,,,,Adaptive,,,CFB,,,ADAPTIVE,,
MABE,,,,,Adaptive,Gerente de Planeacion y Análisis Financiero,,MABE,,,ADAPTIVE,GERENTE DE PLANEACION Y ANALISIS FINANCIERO,
ASTRAZENECA,,,,,Adaptive,Sr Finance Manager (Finance Business Partner),,ASTRAZENECA,,,ADAPTIVE,SR FINANCE MANAGER FINANCE BUSINESS PARTNER,
TECNOLOGICO DE MONTERREY,,,,,Adaptive,Planeacion de Ventas y Operaciones,,TECNOLOGICO DE MONTERREY,,,ADAPTIVE,PLANEACION DE VENTAS Y OPERACIONES,
RB,,,,,Adaptive,Category Manager Nutrition,,RB,,,ADAPTIVE,CATEGORY MANAGER NUTRITION,
Gunenthal,,Manufactura,,,Adaptive,,Chile,GUNENTHAL,,MANUFACTURA,ADAPTIVE,,CHILE
ULTRA LABORATAORIOS,,,,,Adaptive,Group Finance Director,,ULTRA LABORATAORIOS,,,ADAPTIVE,GROUP FINANCE DIRECTOR,
LITCORP,,,,,Adaptive,Director,,LITCORP,,,ADAPTIVE,DIRECTOR,
WALMART,,,,,Adaptive,Gerente de Administración y Planeación Financiera,,WALMART,,,ADAPTIVE,GERENTE DE ADMINISTRACION Y PLANEACION FINANCIERA,
CHIESI GROUP,,,,,Adaptive,General Manager,,CHIESI GROUP,,,ADAPTIVE,GENERAL MANAGER,
GRUPO ALEN,,,,,Adaptive,Ejecutiva en Desarrollo de Presidencia,,GRUPO ALEN,,,ADAPTIVE,EJECUTIVA EN DESARROLLO DE PRESIDENCIA,
AUTO TODO MEXICANA S.A. DE C.V.,,,,,Adaptive,Gerente de operaciones,,AUTO TODO MEXICANA S A DE C V,,,ADAPTIVE,GERENTE DE OPERACIONES,
MetLife,,,,,Adaptive,VP Private Bussiness,,METLIFE,,,ADAPTIVE,VP PRIVATE BUSSINESS,
SAMSONITE,,,,,Adaptive,Director General NOLA,,SAMSONITE,,,ADAPTIVE,DIRECTOR GENERAL NOLA,
LAMOSA,,,,,Adaptive,,,LAMOSA,,,ADAPTIVE,,
DANONE,,,,,Adaptive,Business Planning Controller Manager,,DANONE,,,ADAPTIVE,BUSINESS PLANNING CONTROLLER MANAGER,
COLGATE PALMOLIVE,,Manufactura,,,Adaptive,,Colombia,COLGATE PALMOLIVE,,MANUFACTURA,ADAPTIVE,,COLOMBIA
Grupo Familia S.A,,,,,Adaptive,Jefe de Contabilidad e Impuestos,,GRUPO FAMILIA S A,,,ADAPTIVE,JEFE DE CONTABILIDAD E IMPUESTOS,
GROUPE SEB,,,,,Adaptive,Senior Financial Analyst,,GROUPE SEB,,,ADAPTIVE,SENIOR FINANCIAL ANALYST,
ESTAFETA MEXICANA,,,,,Adaptive,Jefe Análisis Financiero y Rentabilidad,,ESTAFETA MEXICANA,,,ADAPTIVE,JEFE ANALISIS FINANCIERO Y RENTABILIDAD,
Asiauto S.A Kia Motors Ecuador,,,,,Adaptive,Gerente Financiero,,ASIAUTO S A KIA MOTORS ECUADOR,,,ADAPTIVE,GERENTE FINANCIERO,
DHL EXPRESS MÉXICO,,,,,Adaptive,Profitability and Pricing Manager,,DHL EXPRESS MEXICO,,,ADAPTIVE,PROFITABILITY AND PRICING MANAGER,
CALAHUA,,,,,Adaptive,Director de finanzas y administraci√≥n,,CALAHUA,,,ADAPTIVE,DIRECTOR DE FINANZAS Y ADMINISTRACI N,
GRUPO ALEN,,,,,Adaptive,Sales Finance,,GRUPO ALEN,,,ADAPTIVE,SALES FINANCE,
AIG,,,,,Adaptive,Chief Financial Officer Latin America Countries,,AIG,,,ADAPTIVE,CHIEF FINANCIAL OFFICER LATIN AMERICA COUNTRIES,
ENERGIZER,,,,,Adaptive,Business Director,,ENERGIZER,,,ADAPTIVE,BUSINESS DIRECTOR,
GEPP,,,,,Adaptive,General Controller,,GEPP,,,ADAPTIVE,GENERAL CONTROLLER,
CENTRO DE ENTRENAMIENTO DE TERAPIA ENDOVASCULAR,,,,,Adaptive,Director general,,CENTRO DE ENTRENAMIENTO DE TERAPIA ENDOVASCULAR,,,ADAPTIVE,DIRECTOR GENERAL,
GRUPO LEVBETH,,,,,Adaptive,Director general,,GRUPO LEVBETH,,,ADAPTIVE,DIRECTOR GENERAL,
V TECHNOLOGIES INVESTING V,,,,,Adaptive,Government Financial Development Manager,,V TECHNOLOGIES INVESTING V,,,ADAPTIVE,GOVERNMENT FINANCIAL DEVELOPMENT MANAGER,
GRUPO DEINSAT,,,,,Adaptive,Financial Planning Reporting,,GRUPO DEINSAT,,,ADAPTIVE,FINANCIAL PLANNING REPORTING,
RAPPI,,,,,Adaptive,Head of Growth,,RAPPI,,,ADAPTIVE,HEAD OF GROWTH,
RAPPI,,,,,Adaptive,Director Of Strategic Partnerships,,RAPPI,,,ADAPTIVE,DIRECTOR OF STRATEGIC PARTNERSHIPS,
COLGATE PALMOLIVE,,,,,Adaptive,,,COLGATE PALMOLIVE,,,ADAPTIVE,,
GRUPO ALEN,,,,,Adaptive,Contralor,,GRUPO ALEN,,,ADAPTIVE,CONTRALOR,
KELLOGG COMPANY,,,,,Adaptive,LA Finance SCH Planning and Analysis Manager,,KELLOGG COMPANY,,,ADAPTIVE,LA FINANCE SCH PLANNING AND ANALYSIS MANAGER,
ACTINVER,,,,,Adaptive,CEO &amp,,ACTINVER,,,ADAPTIVE,CEO AMP,
COMEX,,,,,Adaptive,Directora de Tesorería PPG Comex,,COMEX,,,ADAPTIVE,DIRECTORA DE TESORERIA PPG COMEX,
LIOMONT LABORATORIES,,,,,Adaptive,Director Financiero,,LIOMONT LABORATORIES,,,ADAPTIVE,DIRECTOR FINANCIERO,
Directv,,,,,Adaptive,Controller Financiero,,DIRECTV,,,ADAPTIVE,CONTROLLER FINANCIERO,
GRUPO MODELO,,,,,Adaptive,Gerente de Costos,,GRUPO MODELO,,,ADAPTIVE,GERENTE DE COSTOS,
BIIS LOGISTICS,,,,,Adaptive,Chief Technology Officer,,BIIS LOGISTICS,,,ADAPTIVE,CHIEF TECHNOLOGY OFFICER,
UCB,,,,,Adaptive,FP&A Manager México and Latina,,UCB,,,ADAPTIVE,FP A MANAGER MEXICO AND LATINA,
Abbvie,,,,,Adaptive,CFO - Finance Director,,ABBVIE,,,ADAPTIVE,CFO FINANCE DIRECTOR,
MABE,,,,,Adaptive,Analysis and Financial Planning Supervisor,,MABE,,,ADAPTIVE,ANALYSIS AND FINANCIAL PLANNING SUPERVISOR,
BACARDI,,,,,Adaptive,Coordinador de Planeación Financiera,,BACARDI,,,ADAPTIVE,COORDINADOR DE PLANEACION FINANCIERA,
TALMEX PHARMA,,,,,Adaptive,Químico de validación,,TALMEX PHARMA,,,ADAPTIVE,QUIMICO DE VALIDACION,
SEGUROS MONTERREY NEW YORK LIFE,,,,,Adaptive,Chief Information Officer,,SEGUROS MONTERREY NEW YORK LIFE,,,ADAPTIVE,CHIEF INFORMATION OFFICER,
BECLE SAB,,,,,Adaptive,Corporate Financial Planning Director,,BECLE SAB,,,ADAPTIVE,CORPORATE FINANCIAL PLANNING DIRECTOR,
SEGUROS MONTERREY NEW YORK LIFE,,,,,Adaptive,Agente de seguros certificado,,SEGUROS MONTERREY NEW YORK LIFE,,,ADAPTIVE,AGENTE DE SEGUROS CERTIFICADO,
BOEHRINGER INGELHEIM MÉXICO,,,,,Adaptive,PhP Controlling Manager,,BOEHRINGER INGELHEIM MEXICO,,,ADAPTIVE,PHP CONTROLLING MANAGER,
JANSSSEN CILAG,,,,,Adaptive,Sr. Product Manager,,JANSSSEN CILAG,,,ADAPTIVE,SR PRODUCT MANAGER,
JUGUETIBICI,,,,,Adaptive,Chief Operating Officer,,JUGUETIBICI,,,ADAPTIVE,CHIEF OPERATING OFFICER,
PRODUCTOS MAVER,,,,,Adaptive,Director General,,PRODUCTOS MAVER,,,ADAPTIVE,DIRECTOR GENERAL,
FABRICA DE HARINAS ELIZONDO,,,,,Adaptive,IT Manager,,FABRICA DE HARINAS ELIZONDO,,,ADAPTIVE,IT MANAGER,
PINSA COMERCIAL,,,,,Adaptive,Contralor,,PINSA COMERCIAL,,,ADAPTIVE,CONTRALOR,
PROVEEDORES DE INGENIERIA ALIMENTARIA S.A. DE C.V.,,,,,Adaptive,Costos e Inventarios,,PROVEEDORES DE INGENIERIA ALIMENTARIA S A DE C V,,,ADAPTIVE,COSTOS E INVENTARIOS,
FGX INTERNACIONAL,,,,,Adaptive,Commercial Director LATAM,,FGX INTERNACIONAL,,,ADAPTIVE,COMMERCIAL DIRECTOR LATAM,
CHINOIN PRODUCTOS FARMACEUTICOS S.A. DE C.V.,,,,,Adaptive,Financial Analyst,,CHINOIN PRODUCTOS FARMACEUTICOS S A DE C V,,,ADAPTIVE,FINANCIAL ANALYST,
GRUPO CUPRUM,,,,,Adaptive,Jefe de Planeación Financiera,,GRUPO CUPRUM,,,ADAPTIVE,JEFE DE PLANEACION FINANCIERA,
GRUPO GAYOSSO,,,,,Adaptive,Director de Contraloría Corporativa,,GRUPO GAYOSSO,,,ADAPTIVE,DIRECTOR DE CONTRALORIA CORPORATIVA,
CORPORACIÓN MOCTEZUMA,,,,,Adaptive,Control de Gestión y Presupuesto,,CORPORACION MOCTEZUMA,,,ADAPTIVE,CONTROL DE GESTION Y PRESUPUESTO,
KUA MEX FOODS,,,,,Adaptive,Corporate IT Manager,,KUA MEX FOODS,,,ADAPTIVE,CORPORATE IT MANAGER,
ROCHE MÉXICO,,,,,Adaptive,Finanzas,,ROCHE MEXICO,,,ADAPTIVE,FINANZAS,
FORZAC CONCRETOS PREMIER,,,,,Adaptive,Director de administración y Finanzas,,FORZAC CONCRETOS PREMIER,,,ADAPTIVE,DIRECTOR DE ADMINISTRACION Y FINANZAS,
CXO Forum,,,,,Adaptive,Country Chair - Mexico,,CXO FORUM,,,ADAPTIVE,COUNTRY CHAIR MEXICO,
SANOFI,,,,,Adaptive,Head of Procurement Performance &amp,,SANOFI,,,ADAPTIVE,HEAD OF PROCUREMENT PERFORMANCE AMP,
LANDSTEINER SCIENTIFIC,,,,,Adaptive,Senior Manager,,LANDSTEINER SCIENTIFIC,,,ADAPTIVE,SENIOR MANAGER,
CÁMARA NAC.DE LA INDUSTRIA DE RESTAURANTES Y ALIMENTOS,,,,,Adaptive,Chief Controller,,CAMARA NAC DE LA INDUSTRIA DE RESTAURANTES Y ALIMENTOS,,,ADAPTIVE,CHIEF CONTROLLER,
STE-SOLUCIONES TECNOLÓGICAS,,,,,Adaptive,Líder de Planeación Financiera,,STE SOLUCIONES TECNOLOGICAS,,,ADAPTIVE,LIDER DE PLANEACION FINANCIERA,
WALMART,,,,,Adaptive,Deputy Director,,WALMART,,,ADAPTIVE,DEPUTY DIRECTOR,
TOKIO MARINE CÍA DE SGUROS,,,,,Adaptive,,,TOKIO MARINE CIA DE SGUROS,,,ADAPTIVE,,
LEONALI S. DE R. L. DE C.V.,,,,,Adaptive,Senior Cost Manager,,LEONALI S DE R L DE C V,,,ADAPTIVE,SENIOR COST MANAGER,
GEPP,,,,,Adaptive,Líder de Planeación Financiera Sr,,GEPP,,,ADAPTIVE,LIDER DE PLANEACION FINANCIERA SR,
Telefonica,,,,,Adaptive,Contador general,,TELEFONICA,,,ADAPTIVE,CONTADOR GENERAL,
MERCK,,,,,Adaptive,Analista de Costos,,MERCK,,,ADAPTIVE,ANALISTA DE COSTOS,
PRODUCTOS DE CONSUMO Z SA DE CV,,,,,Adaptive,Gerente Territorial,,PRODUCTOS DE CONSUMO Z SA DE CV,,,ADAPTIVE,GERENTE TERRITORIAL,
PROESSA,,,,,Adaptive,Director de administración y finanzas,,PROESSA,,,ADAPTIVE,DIRECTOR DE ADMINISTRACION Y FINANZAS,
WALMART,,,,,Adaptive,Gerente de Planeación Financiera,,WALMART,,,ADAPTIVE,GERENTE DE PLANEACION FINANCIERA,
GRUMA,,,,,Adaptive,Gerente de Administración Financiera,,GRUMA,,,ADAPTIVE,GERENTE DE ADMINISTRACION FINANCIERA,
RENT-A-CENTER,,,,,Adaptive,Information Technology Director,,RENT A CENTER,,,ADAPTIVE,INFORMATION TECHNOLOGY DIRECTOR,
Akros,,,,,Adaptive,Gerente Financiero,,AKROS,,,ADAPTIVE,GERENTE FINANCIERO,
FARMACIAS BENAVIDES,,,,,Adaptive,,,FARMACIAS BENAVIDES,,,ADAPTIVE,,
FERRERO,,,,,Adaptive,CFO South America,,FERRERO,,,ADAPTIVE,CFO SOUTH AMERICA,
Talma,,,,,Adaptive,,,TALMA,,,ADAPTIVE,,
WALMART,,,,,Adaptive,Gerente planeación financiera,,WALMART,,,ADAPTIVE,GERENTE PLANEACION FINANCIERA,
OSRAM,,,,,Adaptive,CFO OSRAM Mexico & OSRAM Colombia,,OSRAM,,,ADAPTIVE,CFO OSRAM MEXICO OSRAM COLOMBIA,
NOVARTIS,,,,,Adaptive,Finance Head Novartis Business Services (LaCan),,NOVARTIS,,,ADAPTIVE,FINANCE HEAD NOVARTIS BUSINESS SERVICES LACAN,
ONTEX,,,,,Adaptive,FP&amp,,ONTEX,,,ADAPTIVE,FP AMP,
NOVARTIS,,,,,Adaptive,Finance Head Novartis Business Services (LaCan),,NOVARTIS,,,ADAPTIVE,FINANCE HEAD NOVARTIS BUSINESS SERVICES LACAN,
CASA CUERVO,,,,,Adaptive,,,CASA CUERVO,,,ADAPTIVE,,
PEPSICO,,,,,Adaptive,GBS Finance design Sr. Manager,,PEPSICO,,,ADAPTIVE,GBS FINANCE DESIGN SR MANAGER,
GRUPO ALEN,,,,,Adaptive,Jefe de Planeación Financiera Mx,,GRUPO ALEN,,,ADAPTIVE,JEFE DE PLANEACION FINANCIERA MX,
AIG,,,,,Adaptive,,,AIG,,,ADAPTIVE,,
Miflink,,Banca,,,Adaptive,Administración y Finanzas,México,MIFLINK,,BANCA,ADAPTIVE,ADMINISTRACION Y FINANZAS,MEXICO
Claro,,,,,Adaptive,Gerente Financiero,,CLARO,,,ADAPTIVE,GERENTE FINANCIERO,
ADAMANTINE,,,,,Adaptive,Contador,,ADAMANTINE,,,ADAPTIVE,CONTADOR,
Avon,,Retail,,,Adaptive,,Ecuador,AVON,,RETAIL,ADAPTIVE,,ECUADOR
NATURESWEET,,,,,Adaptive,Contralor Operativo,,NATURESWEET,,,ADAPTIVE,CONTRALOR OPERATIVO,
FRESENIUS MEDICAL CARE,,,,,Adaptive,Financial Planning and Budget Manager,,FRESENIUS MEDICAL CARE,,,ADAPTIVE,FINANCIAL PLANNING AND BUDGET MANAGER,
MTWA SOLUCIONES INTEGRALES,,,,,Adaptive,Controller,,MTWA SOLUCIONES INTEGRALES,,,ADAPTIVE,CONTROLLER,
EPSON MÉXICO,,,,,Adaptive,,,EPSON MEXICO,,,ADAPTIVE,,
BACCHUS CONSULTING GROUP,,,,,Adaptive,Founder and Managing Director,,BACCHUS CONSULTING GROUP,,,ADAPTIVE,FOUNDER AND MANAGING DIRECTOR,
BACCHUS WINE & AMP SPIRITS SHOP,,,,,Adaptive,Founder and Managing Director,,BACCHUS WINE AMP SPIRITS SHOP,,,ADAPTIVE,FOUNDER AND MANAGING DIRECTOR,
BACHOCO,,,,,Adaptive,Gerente Unidad Negocio,,BACHOCO,,,ADAPTIVE,GERENTE UNIDAD NEGOCIO,
ATTEBURY GRAIN LLC,,,,,Adaptive,Accounting Director,,ATTEBURY GRAIN LLC,,,ADAPTIVE,ACCOUNTING DIRECTOR,
ASTRAZENECA,,,,,Adaptive,Director Financial Planning &amp,,ASTRAZENECA,,,ADAPTIVE,DIRECTOR FINANCIAL PLANNING AMP,
WALMART,,,,,Adaptive,Finance Transformation Leader,,WALMART,,,ADAPTIVE,FINANCE TRANSFORMATION LEADER,
SALJAMEX,,,,,Adaptive,Commercial Director &amp,,SALJAMEX,,,ADAPTIVE,COMMERCIAL DIRECTOR AMP,
CARNOT LABORATORIOS,,,,,Adaptive,Operations Controller,,CARNOT LABORATORIOS,,,ADAPTIVE,OPERATIONS CONTROLLER,
PEPSICO,,,,,Adaptive,Financial Analyst Sr.- Budget Management,,PEPSICO,,,ADAPTIVE,FINANCIAL ANALYST SR BUDGET MANAGEMENT,
FIRSTCALL CSS,,,,,Adaptive,Finance Director,,FIRSTCALL CSS,,,ADAPTIVE,FINANCE DIRECTOR,
INTER- CON SECURITY SYSTEMS INC,,,,,Adaptive,"Regional CFO, Latin America",,INTER CON SECURITY SYSTEMS INC,,,ADAPTIVE,REGIONAL CFO LATIN AMERICA,
GRUPO MODELO,,,,,Adaptive,CFO,,GRUPO MODELO,,,ADAPTIVE,CFO,
ANHEUSER-BUSCH INBEV,web,,,,Adaptive,Gerente de planificación y análisis financiero,,ANHEUSER BUSCH INBEV,WEB,,ADAPTIVE,GERENTE DE PLANIFICACION Y ANALISIS FINANCIERO,
CITROFRUT,web,,,,Adaptive,Director of Supply Chain,,CITROFRUT,WEB,,ADAPTIVE,DIRECTOR OF SUPPLY CHAIN,
PEPSICO,web,,,,Adaptive,Global Business Services - Mexico Hub Lead,,PEPSICO,WEB,,ADAPTIVE,GLOBAL BUSINESS SERVICES MEXICO HUB LEAD,
LABORATORIO DE CONTROL ARJ,web,,,,Adaptive,Director Comercial,,LABORATORIO DE CONTROL ARJ,WEB,,ADAPTIVE,DIRECTOR COMERCIAL,
KUA MEX FOODS,web,,,,Adaptive,Chief Financial Officer,,KUA MEX FOODS,WEB,,ADAPTIVE,CHIEF FINANCIAL OFFICER,
FARMACIAS SIMILARES,web,,,,Adaptive,,,FARMACIAS SIMILARES,WEB,,ADAPTIVE,,
THERAPEDIC MEXICO,,,,,Adaptive,Gerente de Contraloría,,THERAPEDIC MEXICO,,,ADAPTIVE,GERENTE DE CONTRALORIA,
Chronos,,,,,Adaptive,,México,CHRONOS,,,ADAPTIVE,,MEXICO
UNILEVER,,,,,Adaptive,Performance Management Director,,UNILEVER,,,ADAPTIVE,PERFORMANCE MANAGEMENT DIRECTOR,
ICONN,,,,,Adaptive,Director de Transformación Digital,,ICONN,,,ADAPTIVE,DIRECTOR DE TRANSFORMACION DIGITAL,
MOKSHA9,,,,,Adaptive,Chief Financial Officer,,MOKSHA9,,,ADAPTIVE,CHIEF FINANCIAL OFFICER,
SYM,,,,,Adaptive,,,SYM,,,ADAPTIVE,,
OCEAN BY H10 HOTELS,,,,,Adaptive,CFO Chief Financial Officer,,OCEAN BY H10 HOTELS,,,ADAPTIVE,CFO CHIEF FINANCIAL OFFICER,
ALLIANZ MÉXICO,,,,,Adaptive,,,ALLIANZ MEXICO,,,ADAPTIVE,,
MEDIPASSRED,,,,,Adaptive,Principal Chief Executive Officer,,MEDIPASSRED,,,ADAPTIVE,PRINCIPAL CHIEF EXECUTIVE OFFICER,
WRCA,,,,,Adaptive,,,WRCA,,,ADAPTIVE,,
CASA CUERVO,,,,,Adaptive,Corporate FP&A Sr Manager,,CASA CUERVO,,,ADAPTIVE,CORPORATE FP A SR MANAGER,
GRUPO ALTEX,,,,,Adaptive,Director Corporativo,,GRUPO ALTEX,,,ADAPTIVE,DIRECTOR CORPORATIVO,
Petroli,,Manufactura,,,Adaptive,,México,PETROLI,,MANUFACTURA,ADAPTIVE,,MEXICO
